Geography,Year,Sex,Activity Category,Prevalence,Coefficient of Variation,CV Flag,Standard Error,Standard Score,Alberta Prevalence
Z1,2001,BOTH,Active or moderately active,44.5189,4.5366,1.0,1.9814,-3.870554212,52.187894988000004
Z1,2001,BOTH,Inactive,55.481100000000005,3.8668000000000005,1.0,1.9814,3.8705542123,47.812105012
Z1,2001,FEMALE,Active or moderately active,43.5103,5.365000000000001,1.0,2.2462,-2.899140544,50.022259236
Z1,2001,FEMALE,Inactive,56.489700000000006,3.9960000000000004,1.0,2.2462,2.8991405435,49.977740764
Z1,2001,MALE,Active or moderately active,45.6023,5.5197,1.0,2.5238,-3.509737994,54.46034544900001
Z1,2001,MALE,Inactive,54.39770000000001,5.4529000000000005,1.0,2.5238,3.5097379941,45.539654551
Z1,2003,BOTH,Active or moderately active,54.233000000000004,3.478,1.0,1.7853,-1.054212121,56.114996258
Z1,2003,BOTH,Inactive,45.767,3.8096,1.0,1.7853,1.054212121,43.885003742
Z1,2003,FEMALE,Active or moderately active,55.456300000000006,4.0085,1.0,2.2212,0.29044786100000003,54.811186484000004
Z1,2003,FEMALE,Inactive,44.5437,5.0167,1.0,2.2212,-0.29044786100000003,45.188813516
Z1,2003,MALE,Active or moderately active,52.993300000000005,5.186100000000001,1.0,2.5294,-1.7463549390000002,57.410429063
Z1,2003,MALE,Inactive,47.0067,5.215,1.0,2.5294,1.7463549388000001,42.589570937
Z1,2005,BOTH,Active or moderately active,51.468300000000006,3.2760000000000002,1.0,1.6580000000000001,-2.056912354,54.87861464
Z1,2005,BOTH,Inactive,48.5317,3.4153000000000002,1.0,1.6580000000000001,2.0569123536,45.12138536
Z1,2005,FEMALE,Active or moderately active,51.138,4.7515,1.0,2.3827000000000003,-2.062963559,56.053509963
Z1,2005,FEMALE,Inactive,48.862,4.860900000000001,1.0,2.3827000000000003,2.0629635587,43.946490037000004
Z1,2005,MALE,Active or moderately active,51.7978,4.4321,1.0,2.2931000000000004,-0.8350564020000001,53.712677302
Z1,2005,MALE,Inactive,48.202200000000005,4.8115000000000006,1.0,2.2931000000000004,0.8350564023,46.287322698000004
Z1,2007,BOTH,Active or moderately active,52.3907,4.4321,1.0,2.218,-1.2356054660000002,55.131279071
Z1,2007,BOTH,Inactive,47.609300000000005,5.434900000000001,1.0,2.218,1.2356054660000002,44.868720929000006
Z1,2007,FEMALE,Active or moderately active,51.1818,5.842500000000001,1.0,2.7755,-1.453424953,55.215755865000006
Z1,2007,FEMALE,Inactive,48.818200000000004,5.9093,1.0,2.7755,1.4534249526,44.784244135
Z1,2007,MALE,Active or moderately active,53.5897,6.9126,1.0,3.7174,-0.392361137,55.048274847
Z1,2007,MALE,Inactive,46.41030000000001,8.848500000000001,1.0,3.7174,0.39236113670000006,44.951725153000005
Z1,2008,BOTH,Active or moderately active,51.7999,5.0153,1.0,2.446,-0.703629539,53.520939919
Z1,2008,BOTH,Inactive,48.200100000000006,5.298,1.0,2.446,0.7036295386000001,46.47906008100001
Z1,2008,FEMALE,Active or moderately active,49.97280000000001,7.1046000000000005,1.0,3.3745000000000003,-0.856751115,52.86394854300001
Z1,2008,FEMALE,Inactive,50.0272,6.830300000000001,1.0,3.3745000000000003,0.8567511153,47.136051457
Z1,2008,MALE,Active or moderately active,53.5847,6.3512,1.0,3.2962000000000002,-0.177558886,54.169995822000004
Z1,2008,MALE,Inactive,46.41530000000001,7.5619,1.0,3.2962000000000002,0.1775588861,45.830004178
Z1,2009,BOTH,Active or moderately active,55.314600000000006,4.7996,1.0,2.6356,-0.823376734,57.484720833000004
Z1,2009,BOTH,Inactive,44.6854,6.3051,1.0,2.6356,0.8233767336000001,42.515279167
Z1,2009,FEMALE,Active or moderately active,56.5432,6.2843,1.0,3.373,0.278831808,55.602675857
Z1,2009,FEMALE,Inactive,43.45680000000001,7.9924,1.0,3.373,-0.278831808,44.397324143000006
Z1,2009,MALE,Active or moderately active,54.1145,7.861200000000001,1.0,4.349,-1.1973094080000002,59.321557994
Z1,2009,MALE,Inactive,45.88550000000001,10.163700000000002,1.0,4.349,1.1973094082000002,40.678442006000004
Z1,2010,BOTH,Active or moderately active,47.496100000000006,6.113700000000001,1.0,2.8579000000000003,-3.009949611,56.098314258
Z1,2010,BOTH,Inactive,52.5039,5.496,1.0,2.8579000000000003,3.009949611,43.901685742000005
Z1,2010,FEMALE,Active or moderately active,46.184200000000004,7.602,1.0,3.4747000000000003,-2.340330219,54.316237518
Z1,2010,FEMALE,Inactive,53.8158,6.5288,1.0,3.4747000000000003,2.3403302194,45.683762482
Z1,2010,MALE,Active or moderately active,48.7669,8.0173,1.0,3.7605000000000004,-2.4089939730000003,57.825864885
Z1,2010,MALE,Inactive,51.2331,7.310600000000001,1.0,3.7605000000000004,2.4089939733000003,42.174135115
Z1,2011,BOTH,Active or moderately active,52.5173,5.2708,1.0,2.7583,-1.35300233,56.249239595000006
Z1,2011,BOTH,Inactive,47.48270000000001,5.823600000000001,1.0,2.7583,1.3530023298,43.750760405
Z1,2011,FEMALE,Active or moderately active,53.3635,8.021,1.0,4.2952,-0.503383991,55.525610703
Z1,2011,FEMALE,Inactive,46.6365,9.2763,1.0,4.2952,0.5033839912,44.47438929700001
Z1,2011,MALE,Active or moderately active,51.664100000000005,6.2465,1.0,3.1884,-1.658389455,56.951679113000004
Z1,2011,MALE,Inactive,48.3359,6.5855,1.0,3.1884,1.6583894547,43.048320887
Z1,2012,BOTH,Active or moderately active,55.8898,5.176800000000001,1.0,2.9405000000000006,0.33078600410000003,54.917100960000006
Z1,2012,BOTH,Inactive,44.1102,6.793200000000001,1.0,2.9405000000000006,-0.330786004,45.08289904
Z1,2012,FEMALE,Active or moderately active,53.204,5.952500000000001,1.0,3.1582,-0.371682779,54.37783789
Z1,2012,FEMALE,Inactive,46.796,6.747,1.0,3.1582,0.3716827789,45.62216211
Z1,2012,MALE,Active or moderately active,58.6253,8.981300000000001,1.0,5.349600000000001,0.5946918033999999,55.443923682000005
Z1,2012,MALE,Inactive,41.374700000000004,13.173800000000002,1.0,5.349600000000001,-0.594691803,44.556076318
Z1,2013,BOTH,Active or moderately active,55.5422,5.0223,1.0,2.7905,-0.6651800500000001,57.398427376
Z1,2013,BOTH,Inactive,44.457800000000006,6.320600000000001,1.0,2.7905,0.6651800503,42.601572624
Z1,2013,FEMALE,Active or moderately active,52.5581,6.7912,1.0,3.5563,-1.010982474,56.153395986
Z1,2013,FEMALE,Inactive,47.441900000000004,7.5051,1.0,3.5563,1.0109824737,43.84660401400001
Z1,2013,MALE,Active or moderately active,58.5383,6.6667000000000005,1.0,3.9141000000000004,-0.017814905,58.60802837
Z1,2013,MALE,Inactive,41.46170000000001,9.5313,1.0,3.9141000000000004,0.0178149051,41.39197163000001
Z1,2014,BOTH,Active or moderately active,50.5816,6.774900000000001,1.0,3.3585000000000003,-1.87165562,56.867530172
Z1,2014,BOTH,Inactive,49.418400000000005,6.7089,1.0,3.3585000000000003,1.8716556199,43.132469828000005
Z1,2014,FEMALE,Active or moderately active,50.5114,7.6599,1.0,3.8150000000000004,-0.956138449,54.159059198
Z1,2014,FEMALE,Inactive,49.488600000000005,7.642900000000001,1.0,3.8150000000000004,0.9561384485000001,45.840940802000006
Z1,2014,MALE,Active or moderately active,50.6537,9.3886,1.0,4.7481,-1.869457385,59.529995123
Z1,2014,MALE,Inactive,49.34630000000001,9.714400000000001,1.0,4.7481,1.8694573846,40.47000487700001
Z2,2001,BOTH,Active or moderately active,53.0158,2.9866,1.0,1.5497,0.5342538846,52.187894988000004
Z2,2001,BOTH,Inactive,46.98420000000001,3.4230000000000005,1.0,1.5497,-0.534253885,47.812105012
Z2,2001,FEMALE,Active or moderately active,50.3389,3.7306000000000004,1.0,1.7975,0.1761710128,50.022259236
Z2,2001,FEMALE,Inactive,49.661100000000005,3.6847000000000003,1.0,1.7975,-0.176171013,49.977740764
Z2,2001,MALE,Active or moderately active,55.82920000000001,3.7585,1.0,2.0317,0.6737241961000001,54.46034544900001
Z2,2001,MALE,Inactive,44.1708,4.8569,1.0,2.0317,-0.6737241960000001,45.539654551
Z2,2003,BOTH,Active or moderately active,59.0398,2.4930000000000003,1.0,1.4643000000000002,1.997470145,56.114996258
Z2,2003,BOTH,Inactive,40.96020000000001,3.6532,1.0,1.4643000000000002,-1.997470145,43.885003742
Z2,2003,FEMALE,Active or moderately active,58.91010000000001,3.3326000000000002,1.0,1.9524000000000001,2.09943412,54.811186484000004
Z2,2003,FEMALE,Inactive,41.0899,4.861700000000001,1.0,1.9524000000000001,-2.09943412,45.188813516
Z2,2003,MALE,Active or moderately active,59.167,3.2575000000000003,1.0,1.899,0.9250389765,57.410429063
Z2,2003,MALE,Inactive,40.833000000000006,4.692500000000001,1.0,1.899,-0.9250389760000001,42.589570937
Z2,2005,BOTH,Active or moderately active,57.6968,2.3331000000000004,1.0,1.3408,2.1018498845,54.87861464
Z2,2005,BOTH,Inactive,42.303200000000004,3.1832000000000003,1.0,1.3408,-2.101849885,45.12138536
Z2,2005,FEMALE,Active or moderately active,58.609500000000004,3.2091000000000003,1.0,1.8722,1.3652245829,56.053509963
Z2,2005,FEMALE,Inactive,41.3905,4.5595,1.0,1.8722,-1.365224583,43.946490037000004
Z2,2005,MALE,Active or moderately active,56.795500000000004,3.4771000000000005,1.0,1.9521000000000002,1.5792023561,53.712677302
Z2,2005,MALE,Inactive,43.2045,4.5043,1.0,1.9521000000000002,-1.579202356,46.287322698000004
Z2,2007,BOTH,Active or moderately active,58.836600000000004,3.3723,1.0,1.9208,1.9290782621000002,55.131279071
Z2,2007,BOTH,Inactive,41.1634,4.730700000000001,1.0,1.9208,-1.9290782620000002,44.868720929000006
Z2,2007,FEMALE,Active or moderately active,58.856700000000004,4.6215,1.0,2.5513,1.4271229087000001,55.215755865000006
Z2,2007,FEMALE,Inactive,41.1433,6.3622000000000005,1.0,2.5513,-1.4271229090000002,44.784244135
Z2,2007,MALE,Active or moderately active,58.816900000000004,4.5855,1.0,2.7,1.3957632408,55.048274847
Z2,2007,MALE,Inactive,41.1831,6.615100000000001,1.0,2.7,-1.395763241,44.951725153000005
Z2,2008,BOTH,Active or moderately active,55.2438,3.7049000000000003,1.0,2.0459,0.8421065341,53.520939919
Z2,2008,BOTH,Inactive,44.7562,4.6531,1.0,2.0459,-0.842106534,46.47906008100001
Z2,2008,FEMALE,Active or moderately active,51.884100000000004,5.832300000000001,1.0,2.9945000000000004,-0.327222349,52.86394854300001
Z2,2008,FEMALE,Inactive,48.1159,6.23,1.0,2.9945000000000004,0.32722234870000005,47.136051457
Z2,2008,MALE,Active or moderately active,58.5666,5.164000000000001,1.0,2.9509000000000003,1.4899323174,54.169995822000004
Z2,2008,MALE,Inactive,41.433400000000006,7.1648000000000005,1.0,2.9509000000000003,-1.489932317,45.830004178
Z2,2009,BOTH,Active or moderately active,63.0362,2.7977000000000003,1.0,1.7633,3.1483398617000002,57.484720833000004
Z2,2009,BOTH,Inactive,36.9638,4.803400000000001,1.0,1.7633,-3.1483398620000003,42.515279167
Z2,2009,FEMALE,Active or moderately active,59.1357,4.3302,1.0,2.558,1.3811757756,55.602675857
Z2,2009,FEMALE,Inactive,40.86430000000001,6.309200000000001,1.0,2.558,-1.381175776,44.397324143000006
Z2,2009,MALE,Active or moderately active,66.7954,3.8699000000000003,1.0,2.5493,2.9317835486000003,59.321557994
Z2,2009,MALE,Inactive,33.204600000000006,7.6779,1.0,2.5493,-2.9317835490000004,40.678442006000004
Z2,2010,BOTH,Active or moderately active,60.3173,3.4403000000000006,1.0,2.0598,2.0482629159,56.098314258
Z2,2010,BOTH,Inactive,39.682700000000004,5.184,1.0,2.0598,-2.048262916,43.901685742000005
Z2,2010,FEMALE,Active or moderately active,58.464200000000005,5.258,1.0,3.0625,1.3544154374000001,54.316237518
Z2,2010,FEMALE,Inactive,41.5358,7.3764,1.0,3.0625,-1.354415437,45.683762482
Z2,2010,MALE,Active or moderately active,62.116800000000005,4.995900000000001,1.0,3.0866,1.3901892056,57.825864885
Z2,2010,MALE,Inactive,37.8832,8.166599999999999,1.0,3.0866,-1.390189206,42.174135115
Z2,2011,BOTH,Active or moderately active,61.0093,3.8084000000000002,1.0,2.3214,2.0505453442,56.249239595000006
Z2,2011,BOTH,Inactive,38.990700000000004,5.971900000000001,1.0,2.3214,-2.050545344,43.750760405
Z2,2011,FEMALE,Active or moderately active,57.8136,5.875300000000001,1.0,3.3763,0.6776446717000001,55.525610703
Z2,2011,FEMALE,Inactive,42.1864,7.9996,1.0,3.3763,-0.6776446720000001,44.47438929700001
Z2,2011,MALE,Active or moderately active,64.10600000000001,4.665500000000001,1.0,2.9818000000000002,2.3993162004000004,56.951679113000004
Z2,2011,MALE,Inactive,35.894000000000005,8.3375,1.0,2.9818000000000002,-2.3993162000000003,43.048320887
Z2,2012,BOTH,Active or moderately active,55.7654,4.0265,1.0,2.2578,0.3757243981,54.917100960000006
Z2,2012,BOTH,Inactive,44.2346,5.136,1.0,2.2578,-0.375724398,45.08289904
Z2,2012,FEMALE,Active or moderately active,56.0788,5.422000000000001,1.0,3.0211,0.5630297731,54.37783789
Z2,2012,FEMALE,Inactive,43.921200000000006,6.8649000000000004,1.0,3.0211,-0.563029773,45.62216211
Z2,2012,MALE,Active or moderately active,55.46130000000001,5.8096000000000005,1.0,3.2625,0.0053352205,55.443923682000005
Z2,2012,MALE,Inactive,44.5387,7.4004,1.0,3.2625,-0.005335221,44.556076318
Z2,2013,BOTH,Active or moderately active,59.1423,3.74,1.0,2.1790000000000003,0.8002897847,57.398427376
Z2,2013,BOTH,Inactive,40.8577,5.342900000000001,1.0,2.1790000000000003,-0.800289785,42.601572624
Z2,2013,FEMALE,Active or moderately active,55.8372,6.0119,1.0,3.2099,-0.098512874,56.153395986
Z2,2013,FEMALE,Inactive,44.162800000000004,7.1831000000000005,1.0,3.2099,0.098512874,43.84660401400001
Z2,2013,MALE,Active or moderately active,62.371300000000005,5.4827,1.0,3.3081000000000005,1.1375968836,58.60802837
Z2,2013,MALE,Inactive,37.6287,8.773800000000001,1.0,3.3081000000000005,-1.1375968840000001,41.39197163000001
Z2,2014,BOTH,Active or moderately active,60.5803,3.2266000000000004,1.0,1.9553,1.8988355174,56.867530172
Z2,2014,BOTH,Inactive,39.419700000000006,4.9771,1.0,1.9553,-1.898835517,43.132469828000005
Z2,2014,FEMALE,Active or moderately active,52.6621,5.105200000000001,1.0,2.7016,-0.554102819,54.159059198
Z2,2014,FEMALE,Inactive,47.337900000000005,5.7474,1.0,2.7016,0.5541028186,45.840940802000006
Z2,2014,MALE,Active or moderately active,68.40310000000001,4.119800000000001,1.0,2.7946,3.1750385552,59.529995123
Z2,2014,MALE,Inactive,31.5969,8.855,1.0,2.7946,-3.175038555,40.47000487700001
Z3,2001,BOTH,Active or moderately active,46.5226,3.4654000000000003,1.0,1.3524,-4.189202709000001,52.187894988000004
Z3,2001,BOTH,Inactive,53.4774,2.8789000000000002,1.0,1.3524,4.189202708700001,47.812105012
Z3,2001,FEMALE,Active or moderately active,46.6129,4.2191,1.0,1.7099000000000002,-1.9939026050000002,50.022259236
Z3,2001,FEMALE,Inactive,53.387100000000004,3.4861000000000004,1.0,1.7099000000000002,1.9939026045000001,49.977740764
Z3,2001,MALE,Active or moderately active,46.426300000000005,4.168900000000001,1.0,1.6599000000000002,-4.840073825000001,54.46034544900001
Z3,2001,MALE,Inactive,53.5737,3.5371,1.0,1.6599000000000002,4.840073824700001,45.539654551
Z3,2003,BOTH,Active or moderately active,53.0175,2.8715,1.0,1.2990000000000002,-2.384550404,56.114996258
Z3,2003,BOTH,Inactive,46.98250000000001,3.0641,1.0,1.2990000000000002,2.3845504044,43.885003742
Z3,2003,FEMALE,Active or moderately active,54.1197,3.7802000000000002,1.0,1.7829000000000002,-0.38784379500000005,54.811186484000004
Z3,2003,FEMALE,Inactive,45.880300000000005,3.9521,1.0,1.7829000000000002,0.38784379480000003,45.188813516
Z3,2003,MALE,Active or moderately active,51.901700000000005,4.109500000000001,1.0,1.9823000000000002,-2.778941699,57.410429063
Z3,2003,MALE,Inactive,48.0983,4.5064,1.0,1.9823000000000002,2.7789416985,42.589570937
Z3,2005,BOTH,Active or moderately active,52.8014,2.8070000000000004,1.0,1.4801000000000002,-1.403428399,54.87861464
Z3,2005,BOTH,Inactive,47.1986,3.2176,1.0,1.4801000000000002,1.4034283985000002,45.12138536
Z3,2005,FEMALE,Active or moderately active,52.5959,3.9818000000000002,1.0,2.0557,-1.681937231,56.053509963
Z3,2005,FEMALE,Inactive,47.40410000000001,4.403300000000001,1.0,2.0557,1.6819372313,43.946490037000004
Z3,2005,MALE,Active or moderately active,53.008,4.07,1.0,2.1470000000000002,-0.32822461300000005,53.712677302
Z3,2005,MALE,Inactive,46.992000000000004,4.652800000000001,1.0,2.1470000000000002,0.32822461300000005,46.287322698000004
Z3,2007,BOTH,Active or moderately active,52.2256,4.800400000000001,1.0,2.2259,-1.305388997,55.131279071
Z3,2007,BOTH,Inactive,47.7744,5.600700000000001,1.0,2.2259,1.3053889968,44.868720929000006
Z3,2007,FEMALE,Active or moderately active,52.3742,6.213,1.0,2.7741000000000002,-1.024338183,55.215755865000006
Z3,2007,FEMALE,Inactive,47.6258,7.440600000000001,1.0,2.7741000000000002,1.0243381834,44.784244135
Z3,2007,MALE,Active or moderately active,52.0834,5.9891000000000005,1.0,2.9894000000000003,-0.9917826860000001,55.048274847
Z3,2007,MALE,Inactive,47.9166,6.6587000000000005,1.0,2.9894000000000003,0.9917826856,44.951725153000005
Z3,2008,BOTH,Active or moderately active,53.6588,4.2357000000000005,1.0,2.1903,0.0629268401,53.520939919
Z3,2008,BOTH,Inactive,46.34120000000001,4.8180000000000005,1.0,2.1903,-0.06292684,46.47906008100001
Z3,2008,FEMALE,Active or moderately active,55.2477,5.5259,1.0,3.0066,0.7928274286000001,52.86394854300001
Z3,2008,FEMALE,Inactive,44.752300000000005,6.8016000000000005,1.0,3.0066,-0.792827429,47.136051457
Z3,2008,MALE,Active or moderately active,52.112500000000004,6.3439000000000005,1.0,3.1522,-0.6527152340000001,54.169995822000004
Z3,2008,MALE,Inactive,47.8875,6.5993,1.0,3.1522,0.6527152344000001,45.830004178
Z3,2009,BOTH,Active or moderately active,50.825900000000004,5.0428,1.0,2.4812000000000003,-2.683667087,57.484720833000004
Z3,2009,BOTH,Inactive,49.1741,5.1786,1.0,2.4812000000000003,2.683667087,42.515279167
Z3,2009,FEMALE,Active or moderately active,47.5908,7.128400000000001,1.0,3.3400000000000003,-2.3987357150000004,55.602675857
Z3,2009,FEMALE,Inactive,52.409200000000006,6.4590000000000005,1.0,3.3400000000000003,2.3987357153000004,44.397324143000006
Z3,2009,MALE,Active or moderately active,54.1432,7.2855,1.0,3.7995,-1.362906118,59.321557994
Z3,2009,MALE,Inactive,45.85680000000001,8.5755,1.0,3.7995,1.3629061179000002,40.678442006000004
Z3,2010,BOTH,Active or moderately active,52.1633,4.865400000000001,1.0,2.5191,-1.562079192,56.098314258
Z3,2010,BOTH,Inactive,47.83670000000001,5.278700000000001,1.0,2.5191,1.5620791917,43.901685742000005
Z3,2010,FEMALE,Active or moderately active,53.304300000000005,6.4641,1.0,3.4329000000000005,-0.294784571,54.316237518
Z3,2010,FEMALE,Inactive,46.6957,7.357400000000001,1.0,3.4329000000000005,0.2947845707,45.683762482
Z3,2010,MALE,Active or moderately active,51.0538,6.6831000000000005,1.0,3.3271,-2.035421908,57.825864885
Z3,2010,MALE,Inactive,48.946200000000005,6.7452000000000005,1.0,3.3271,2.0354219083,42.174135115
Z3,2011,BOTH,Active or moderately active,56.1145,4.679900000000001,1.0,2.5852,-0.052129979,56.249239595000006
Z3,2011,BOTH,Inactive,43.88550000000001,5.866300000000001,1.0,2.5852,0.0521299795,43.750760405
Z3,2011,FEMALE,Active or moderately active,58.90390000000001,5.5717,1.0,3.2391,1.0429690735,55.525610703
Z3,2011,FEMALE,Inactive,41.0961,7.882600000000001,1.0,3.2391,-1.042969074,44.47438929700001
Z3,2011,MALE,Active or moderately active,53.393800000000006,6.891300000000001,1.0,3.6303,-0.9800541150000001,56.951679113000004
Z3,2011,MALE,Inactive,46.6062,7.7704,1.0,3.6303,0.9800541147,43.048320887
Z3,2012,BOTH,Active or moderately active,53.9055,4.4329,1.0,2.3752000000000004,-0.425882447,54.917100960000006
Z3,2012,BOTH,Inactive,46.0945,5.1553,1.0,2.3752000000000004,0.4258824466,45.08289904
Z3,2012,FEMALE,Active or moderately active,55.0645,5.2518,1.0,2.8809000000000005,0.23835458750000002,54.37783789
Z3,2012,FEMALE,Inactive,44.935500000000005,6.4367,1.0,2.8809000000000005,-0.238354588,45.62216211
Z3,2012,MALE,Active or moderately active,52.7791,7.181800000000001,1.0,3.761,-0.7085435710000001,55.443923682000005
Z3,2012,MALE,Inactive,47.2209,7.954400000000001,1.0,3.761,0.7085435712000001,44.556076318
Z3,2013,BOTH,Active or moderately active,54.5461,4.4007000000000005,1.0,2.4722000000000004,-1.15378299,57.398427376
Z3,2013,BOTH,Inactive,45.453900000000004,5.789000000000001,1.0,2.4722000000000004,1.1537829904,42.601572624
Z3,2013,FEMALE,Active or moderately active,59.639900000000004,6.1157,1.0,3.6401,0.9578152143,56.153395986
Z3,2013,FEMALE,Inactive,40.3601,9.1375,1.0,3.6401,-0.957815214,43.84660401400001
Z3,2013,MALE,Active or moderately active,49.5937,6.2537,1.0,3.2198,-2.7996073530000003,58.60802837
Z3,2013,MALE,Inactive,50.40630000000001,7.0075,1.0,3.2198,2.7996073529000003,41.39197163000001
Z3,2014,BOTH,Active or moderately active,56.8721,5.0093,1.0,2.9885,0.0015158808,56.867530172
Z3,2014,BOTH,Inactive,43.127900000000004,7.7211,1.0,2.9885,-0.001515881,43.132469828000005
Z3,2014,FEMALE,Active or moderately active,56.45340000000001,6.6199,1.0,3.9589000000000003,0.5795361027,54.159059198
Z3,2014,FEMALE,Inactive,43.5466,10.0858,1.0,3.9589000000000003,-0.579536103,45.840940802000006
Z3,2014,MALE,Active or moderately active,57.2804,5.946400000000001,1.0,3.3581000000000003,-0.6698993080000001,59.529995123
Z3,2014,MALE,Inactive,42.7196,8.234300000000001,1.0,3.3581000000000003,0.6698993079000001,40.47000487700001
Z4,2001,BOTH,Active or moderately active,55.479800000000004,2.2216,1.0,1.171,2.8111404975000003,52.187894988000004
Z4,2001,BOTH,Inactive,44.5202,2.9954000000000005,1.0,1.171,-2.8111404970000002,47.812105012
Z4,2001,FEMALE,Active or moderately active,52.0546,3.1826,1.0,1.5743,1.2909204317000003,50.022259236
Z4,2001,FEMALE,Inactive,47.94540000000001,3.6379,1.0,1.5743,-1.290920432,49.977740764
Z4,2001,MALE,Active or moderately active,59.0987,2.8723,1.0,1.6367,2.8340196168000005,54.46034544900001
Z4,2001,MALE,Inactive,40.901300000000006,4.439900000000001,1.0,1.6367,-2.834019617,45.539654551
Z4,2003,BOTH,Active or moderately active,54.767700000000005,2.6828000000000003,1.0,1.4273000000000002,-0.943980648,56.114996258
Z4,2003,BOTH,Inactive,45.2323,3.1984,1.0,1.4273000000000002,0.9439806476,43.885003742
Z4,2003,FEMALE,Active or moderately active,49.975100000000005,4.1024,1.0,1.9896,-2.430754406,54.811186484000004
Z4,2003,FEMALE,Inactive,50.0249,4.0913,1.0,1.9896,2.4307544057000006,45.188813516
Z4,2003,MALE,Active or moderately active,59.5919,3.4396000000000004,1.0,1.9579000000000002,1.1141879988,57.410429063
Z4,2003,MALE,Inactive,40.408100000000005,4.8066,1.0,1.9579000000000002,-1.114187999,42.589570937
Z4,2005,BOTH,Active or moderately active,53.252300000000005,2.7586000000000004,1.0,1.4541000000000002,-1.118397636,54.87861464
Z4,2005,BOTH,Inactive,46.7477,3.1169000000000002,1.0,1.4541000000000002,1.1183976363,45.12138536
Z4,2005,FEMALE,Active or moderately active,55.1388,3.4358000000000004,1.0,1.8697000000000001,-0.489208063,56.053509963
Z4,2005,FEMALE,Inactive,44.861200000000004,4.1789000000000005,1.0,1.8697000000000001,0.48920806310000003,43.946490037000004
Z4,2005,MALE,Active or moderately active,51.332600000000006,4.2977,1.0,2.1783,-1.092656376,53.712677302
Z4,2005,MALE,Inactive,48.6674,4.4952000000000005,1.0,2.1783,1.0926563759,46.287322698000004
Z4,2007,BOTH,Active or moderately active,54.4055,4.873900000000001,1.0,2.6392,-0.274980436,55.131279071
Z4,2007,BOTH,Inactive,45.5945,5.848000000000001,1.0,2.6392,0.2749804358,44.868720929000006
Z4,2007,FEMALE,Active or moderately active,53.6126,5.604800000000001,1.0,2.9919000000000002,-0.535839115,55.215755865000006
Z4,2007,FEMALE,Inactive,46.38740000000001,6.5986,1.0,2.9919000000000002,0.5358391154,44.784244135
Z4,2007,MALE,Active or moderately active,55.2077,6.6218,1.0,3.6405000000000003,0.043791482,55.048274847
Z4,2007,MALE,Inactive,44.792300000000004,8.1814,1.0,3.6405000000000003,-0.043791482,44.951725153000005
Z4,2008,BOTH,Active or moderately active,51.730000000000004,4.203,1.0,2.177,-0.822657128,53.520939919
Z4,2008,BOTH,Inactive,48.27,4.5833,1.0,2.177,0.8226571277000001,46.47906008100001
Z4,2008,FEMALE,Active or moderately active,52.036,5.7427,1.0,2.9878000000000005,-0.277103777,52.86394854300001
Z4,2008,FEMALE,Inactive,47.964000000000006,6.307300000000001,1.0,2.9878000000000005,0.2771037769,47.136051457
Z4,2008,MALE,Active or moderately active,51.420300000000005,5.678700000000001,1.0,2.8858,-0.952821928,54.169995822000004
Z4,2008,MALE,Inactive,48.5797,6.0076,1.0,2.8858,0.9528219275,45.830004178
Z4,2009,BOTH,Active or moderately active,55.334300000000006,4.4398,1.0,2.4381000000000004,-0.881995922,57.484720833000004
Z4,2009,BOTH,Inactive,44.6657,5.4664,1.0,2.4381000000000004,0.8819959224,42.515279167
Z4,2009,FEMALE,Active or moderately active,54.9652,6.166,1.0,3.3519,-0.190177701,55.602675857
Z4,2009,FEMALE,Inactive,45.0348,7.4424,1.0,3.3519,0.1901777005,44.397324143000006
Z4,2009,MALE,Active or moderately active,55.702000000000005,5.6546,1.0,3.1314,-1.155897503,59.321557994
Z4,2009,MALE,Inactive,44.298,7.135000000000001,1.0,3.1314,1.1558975028,40.678442006000004
Z4,2010,BOTH,Active or moderately active,55.283500000000004,4.0687,1.0,2.2321,-0.36506220300000003,56.098314258
Z4,2010,BOTH,Inactive,44.7165,5.0053,1.0,2.2321,0.36506220310000004,43.901685742000005
Z4,2010,FEMALE,Active or moderately active,52.41830000000001,6.194700000000001,1.0,3.2268000000000003,-0.588177921,54.316237518
Z4,2010,FEMALE,Inactive,47.5817,6.7894000000000005,1.0,3.2268000000000003,0.5881779207,45.683762482
Z4,2010,MALE,Active or moderately active,58.142,5.368800000000001,1.0,3.1254,0.1011495307,57.825864885
Z4,2010,MALE,Inactive,41.858000000000004,7.5612,1.0,3.1254,-0.101149531,42.174135115
Z4,2011,BOTH,Active or moderately active,52.08,4.6328000000000005,1.0,2.4049000000000005,-1.7336616430000003,56.249239595000006
Z4,2011,BOTH,Inactive,47.92000000000001,5.0339,1.0,2.4049000000000005,1.7336616434000003,43.750760405
Z4,2011,FEMALE,Active or moderately active,51.3282,6.4275,1.0,3.2685000000000004,-1.2842157630000002,55.525610703
Z4,2011,FEMALE,Inactive,48.671800000000005,6.6923,1.0,3.2685000000000004,1.2842157626000001,44.47438929700001
Z4,2011,MALE,Active or moderately active,52.821400000000004,5.895100000000001,1.0,3.1263,-1.321120329,56.951679113000004
Z4,2011,MALE,Inactive,47.1786,6.7522,1.0,3.1263,1.3211203295,43.048320887
Z4,2012,BOTH,Active or moderately active,55.255500000000005,4.698900000000001,1.0,2.5725,0.1315366308,54.917100960000006
Z4,2012,BOTH,Inactive,44.7445,5.767,1.0,2.5725,-0.13153663100000001,45.08289904
Z4,2012,FEMALE,Active or moderately active,52.948100000000004,5.2175,1.0,2.7588000000000004,-0.518244597,54.37783789
Z4,2012,FEMALE,Inactive,47.0519,5.8737,1.0,2.7588000000000004,0.518244597,45.62216211
Z4,2012,MALE,Active or moderately active,57.5705,7.0493,1.0,4.014,0.5298007585,55.443923682000005
Z4,2012,MALE,Inactive,42.429500000000004,9.5796,1.0,4.014,-0.529800758,44.556076318
Z4,2013,BOTH,Active or moderately active,57.1944,4.4282,1.0,2.565,-0.079540123,57.398427376
Z4,2013,BOTH,Inactive,42.805600000000005,6.103700000000001,1.0,2.565,0.0795401227,42.601572624
Z4,2013,FEMALE,Active or moderately active,54.2135,6.830100000000001,1.0,3.7062000000000004,-0.523404839,56.153395986
Z4,2013,FEMALE,Inactive,45.786500000000004,8.1512,1.0,3.7062000000000004,0.5234048385,43.84660401400001
Z4,2013,MALE,Active or moderately active,60.1306,5.142600000000001,1.0,3.119,0.4881577562,58.60802837
Z4,2013,MALE,Inactive,39.869400000000006,7.964,1.0,3.119,-0.488157756,41.39197163000001
Z4,2014,BOTH,Active or moderately active,54.6507,4.9131,1.0,2.6567000000000003,-0.834457631,56.867530172
Z4,2014,BOTH,Inactive,45.34930000000001,5.9015,1.0,2.6567000000000003,0.8344576313000001,43.132469828000005
Z4,2014,FEMALE,Active or moderately active,56.8485,5.7018,1.0,3.1828000000000003,0.8450043625,54.159059198
Z4,2014,FEMALE,Inactive,43.1515,7.391800000000001,1.0,3.1828000000000003,-0.845004363,45.840940802000006
Z4,2014,MALE,Active or moderately active,52.45190000000001,7.0111,1.0,3.6750000000000003,-1.9260311140000002,59.529995123
Z4,2014,MALE,Inactive,47.5481,7.815600000000001,1.0,3.6750000000000003,1.9260311144000002,40.47000487700001
Z5,2001,BOTH,Active or moderately active,52.5768,3.8529000000000004,1.0,1.0911,0.35641173460000003,52.187894988000004
Z5,2001,BOTH,Inactive,47.42320000000001,3.1470000000000002,1.0,1.0911,-0.35641173500000006,47.812105012
Z5,2001,FEMALE,Active or moderately active,52.1306,4.7399000000000004,1.0,1.5842,1.3308238521,50.022259236
Z5,2001,FEMALE,Inactive,47.869400000000006,4.0111,1.0,1.5842,-1.330823852,49.977740764
Z5,2001,MALE,Active or moderately active,53.0186,4.2534,1.0,1.3934,-1.034669188,54.46034544900001
Z5,2001,MALE,Inactive,46.98140000000001,3.725,1.0,1.3934,1.0346691876,45.539654551
Z5,2003,BOTH,Active or moderately active,54.959900000000005,2.5557,1.0,1.1747,-0.983247002,56.114996258
Z5,2003,BOTH,Inactive,45.0401,2.9176,1.0,1.1747,0.9832470016,43.885003742
Z5,2003,FEMALE,Active or moderately active,55.35230000000001,3.4332000000000003,1.0,1.5186,0.35634258750000003,54.811186484000004
Z5,2003,FEMALE,Inactive,44.6477,3.9836000000000005,1.0,1.5186,-0.35634258800000007,45.188813516
Z5,2003,MALE,Active or moderately active,54.5802,3.7384000000000004,1.0,1.9140000000000001,-1.478683949,57.410429063
Z5,2003,MALE,Inactive,45.4198,4.2964,1.0,1.9140000000000001,1.4786839493000001,42.589570937
Z5,2005,BOTH,Active or moderately active,54.7961,2.4295000000000004,1.0,1.3274000000000001,-0.062189999,54.87861464
Z5,2005,BOTH,Inactive,45.203900000000004,3.0624,1.0,1.3274000000000001,0.0621899989,45.12138536
Z5,2005,FEMALE,Active or moderately active,57.5999,3.3267,1.0,1.8756,0.8244855185000001,56.053509963
Z5,2005,FEMALE,Inactive,42.40010000000001,4.5482,1.0,1.8756,-0.824485518,43.946490037000004
Z5,2005,MALE,Active or moderately active,52.2134,3.6121,1.0,1.8997,-0.7892312920000001,53.712677302
Z5,2005,MALE,Inactive,47.7866,4.176500000000001,1.0,1.8997,0.7892312921000001,46.287322698000004
Z5,2007,BOTH,Active or moderately active,49.7802,3.9326000000000003,1.0,1.8579,-2.8801343260000003,55.131279071
Z5,2007,BOTH,Inactive,50.2198,3.9621000000000004,1.0,1.8579,2.8801343256000003,44.868720929000006
Z5,2007,FEMALE,Active or moderately active,53.394200000000005,5.0126,1.0,2.4357,-0.7478509400000001,55.215755865000006
Z5,2007,FEMALE,Inactive,46.6058,5.2906,1.0,2.4357,0.7478509400000001,44.784244135
Z5,2007,MALE,Active or moderately active,46.4074,5.6055,1.0,2.5558,-3.380852373,55.048274847
Z5,2007,MALE,Inactive,53.5926,5.0885,1.0,2.5558,3.3808523732,44.951725153000005
Z5,2008,BOTH,Active or moderately active,53.874500000000005,3.5107,1.0,1.8698000000000001,0.18908432400000003,53.520939919
Z5,2008,BOTH,Inactive,46.1255,4.236400000000001,1.0,1.8698000000000001,-0.18908432400000003,46.47906008100001
Z5,2008,FEMALE,Active or moderately active,57.86900000000001,4.426,1.0,2.4936000000000003,2.0071204201,52.86394854300001
Z5,2008,FEMALE,Inactive,42.131,6.2198,1.0,2.4936000000000003,-2.00712042,47.136051457
Z5,2008,MALE,Active or moderately active,50.1077,5.5392,1.0,2.7151,-1.49619735,54.169995822000004
Z5,2008,MALE,Inactive,49.892300000000006,5.5526,1.0,2.7151,1.4961973499,45.830004178
Z5,2009,BOTH,Active or moderately active,53.41440000000001,3.8442000000000003,1.0,2.0592,-1.9766322130000002,57.484720833000004
Z5,2009,BOTH,Inactive,46.5856,4.4817,1.0,2.0592,1.9766322131,42.515279167
Z5,2009,FEMALE,Active or moderately active,53.6242,5.1705000000000005,1.0,2.7676000000000003,-0.714889367,55.602675857
Z5,2009,FEMALE,Inactive,46.375800000000005,6.0118,1.0,2.7676000000000003,0.7148893668,44.397324143000006
Z5,2009,MALE,Active or moderately active,53.2239,5.4777000000000005,1.0,2.9012000000000002,-2.101731573,59.321557994
Z5,2009,MALE,Inactive,46.7761,6.2706,1.0,2.9012000000000002,2.1017315732,40.678442006000004
Z5,2010,BOTH,Active or moderately active,53.879900000000006,4.3271,1.0,2.2957,-0.966367576,56.098314258
Z5,2010,BOTH,Inactive,46.1201,5.0733,1.0,2.2957,0.9663675765,43.901685742000005
Z5,2010,FEMALE,Active or moderately active,51.9701,6.7514,1.0,3.5206,-0.6664092950000001,54.316237518
Z5,2010,FEMALE,Inactive,48.0299,7.5764,1.0,3.5206,0.6664092951000001,45.683762482
Z5,2010,MALE,Active or moderately active,55.5612,5.4722,1.0,2.974,-0.7614620190000001,57.825864885
Z5,2010,MALE,Inactive,44.43880000000001,6.7941,1.0,2.974,0.7614620194,42.174135115
Z5,2011,BOTH,Active or moderately active,54.6415,3.7647000000000004,1.0,2.0443,-0.786436797,56.249239595000006
Z5,2011,BOTH,Inactive,45.35850000000001,4.5408,1.0,2.0443,0.7864367968000001,43.750760405
Z5,2011,FEMALE,Active or moderately active,58.0907,5.0091,1.0,2.9167000000000005,0.8794528979,55.525610703
Z5,2011,FEMALE,Inactive,41.90930000000001,7.0071,1.0,2.9167000000000005,-0.879452898,44.47438929700001
Z5,2011,MALE,Active or moderately active,51.5323,5.813000000000001,1.0,2.9768000000000003,-1.820516123,56.951679113000004
Z5,2011,MALE,Inactive,48.46770000000001,6.208200000000001,1.0,2.9768000000000003,1.8205161229,43.048320887
Z5,2012,BOTH,Active or moderately active,51.242200000000004,4.1733,1.0,2.1381,-1.7187435090000003,54.917100960000006
Z5,2012,BOTH,Inactive,48.7578,4.618600000000001,1.0,2.1381,1.7187435091000003,45.08289904
Z5,2012,FEMALE,Active or moderately active,52.6624,5.6408000000000005,1.0,2.9529000000000005,-0.580927357,54.37783789
Z5,2012,FEMALE,Inactive,47.3376,6.372700000000001,1.0,2.9529000000000005,0.5809273568,45.62216211
Z5,2012,MALE,Active or moderately active,49.961800000000004,5.8923000000000005,1.0,2.9891000000000005,-1.834044272,55.443923682000005
Z5,2012,MALE,Inactive,50.0382,6.4207,1.0,2.9891000000000005,1.8340442718,44.556076318
Z5,2013,BOTH,Active or moderately active,56.205000000000005,3.6957,1.0,2.0493,-0.582338336,57.398427376
Z5,2013,BOTH,Inactive,43.795,4.7861,1.0,2.0493,0.5823383357,42.601572624
Z5,2013,FEMALE,Active or moderately active,62.1667,4.7986,1.0,2.7484,2.1878990381000003,56.153395986
Z5,2013,FEMALE,Inactive,37.8333,7.2142,1.0,2.7484,-2.1878990380000003,43.84660401400001
Z5,2013,MALE,Active or moderately active,50.88870000000001,6.2432,1.0,3.2284,-2.39105047,58.60802837
Z5,2013,MALE,Inactive,49.1113,6.7695,1.0,3.2284,2.3910504696,41.39197163000001
Z5,2014,BOTH,Active or moderately active,54.1394,5.1836,1.0,2.7214,-1.002478125,56.867530172
Z5,2014,BOTH,Inactive,45.860600000000005,6.0116,1.0,2.7214,1.0024781253,43.132469828000005
Z5,2014,FEMALE,Active or moderately active,51.0273,9.822500000000002,1.0,4.9282,-0.6354851690000001,54.159059198
Z5,2014,FEMALE,Inactive,48.9727,10.2102,1.0,4.9282,0.6354851692000001,45.840940802000006
Z5,2014,MALE,Active or moderately active,56.919900000000005,5.385700000000001,1.0,3.0328,-0.8606049680000001,59.529995123
Z5,2014,MALE,Inactive,43.0801,7.1023000000000005,1.0,3.0328,0.8606049685,40.47000487700001
