Geography,Year,Sex,Category,Prevalence,Coefficient of Variation,CV Flag,Standard Error,Standard Score,Alberta Prevalence
AB,2003,BOTH,Excellent or Very Good,74.0702,0.8261000000000001,1.0,0.6119000000000001,0.0,74.070165201
AB,2003,BOTH,Poor Fair or Good,25.929800000000004,2.3597,1.0,0.6119000000000001,0.0,25.929834799
AB,2003,FEMALE,Excellent or Very Good,73.0994,1.1861000000000002,1.0,0.8546,0.0,73.099412736
AB,2003,FEMALE,Poor Fair or Good,26.9006,3.1826,1.0,0.8546,0.0,26.900587264000002
AB,2003,MALE,Excellent or Very Good,75.0391,1.1559000000000001,1.0,0.8435,0.0,75.039116922
AB,2003,MALE,Poor Fair or Good,24.960900000000002,3.3706000000000005,1.0,0.8435,0.0,24.960883078000002
AB,2005,BOTH,Excellent or Very Good,74.565,0.8224,1.0,0.6132000000000001,0.0,74.565002695
AB,2005,BOTH,Poor Fair or Good,25.435000000000002,2.4110000000000005,1.0,0.6132000000000001,0.0,25.434997305000003
AB,2005,FEMALE,Excellent or Very Good,73.91900000000001,1.1319000000000001,1.0,0.8210000000000001,0.0,73.91904208300001
AB,2005,FEMALE,Poor Fair or Good,26.081,3.1499,1.0,0.8210000000000001,0.0,26.080957917
AB,2005,MALE,Excellent or Very Good,75.2061,1.2115000000000002,1.0,0.9036000000000001,0.0,75.206086539
AB,2005,MALE,Poor Fair or Good,24.793900000000004,3.6547,1.0,0.9036000000000001,0.0,24.793913461000002
AB,2007,BOTH,Excellent or Very Good,76.1269,1.0451,1.0,0.7956000000000001,0.0,76.126911383
AB,2007,BOTH,Poor Fair or Good,23.8731,3.3327000000000004,1.0,0.7956000000000001,0.0,23.873088617
AB,2007,FEMALE,Excellent or Very Good,75.86359999999999,1.5033,1.0,1.1224,0.0,75.863556225
AB,2007,FEMALE,Poor Fair or Good,24.136400000000002,4.6786,1.0,1.1224,0.0,24.136443775
AB,2007,MALE,Excellent or Very Good,76.38499999999999,1.4171,1.0,1.0569,0.0,76.385035708
AB,2007,MALE,Poor Fair or Good,23.615000000000002,4.482600000000001,1.0,1.0569,0.0,23.614964292
AB,2008,BOTH,Excellent or Very Good,73.40320000000001,1.4356000000000002,1.0,1.0538,0.0,73.40321767200001
AB,2008,BOTH,Poor Fair or Good,26.5968,3.9621000000000004,1.0,1.0538,0.0,26.596782328
AB,2008,FEMALE,Excellent or Very Good,72.19460000000001,2.2328,1.0,1.5881,0.0,72.19455495000001
AB,2008,FEMALE,Poor Fair or Good,27.805400000000002,5.7065,1.0,1.5881,0.0,27.80544505
AB,2008,MALE,Excellent or Very Good,74.5953,1.5821,1.0,1.1740000000000002,0.0,74.595268413
AB,2008,MALE,Poor Fair or Good,25.404700000000002,4.647200000000001,1.0,1.1740000000000002,0.0,25.404731587
AB,2009,BOTH,Excellent or Very Good,73.9953,1.3044,1.0,0.9652000000000001,0.0,73.99526592900001
AB,2009,BOTH,Poor Fair or Good,26.0047,3.7115,1.0,0.9652000000000001,0.0,26.004734071
AB,2009,FEMALE,Excellent or Very Good,74.8509,1.8884,1.0,1.4033000000000002,0.0,74.850924894
AB,2009,FEMALE,Poor Fair or Good,25.1491,5.5845,1.0,1.4033000000000002,0.0,25.149075106
AB,2009,MALE,Excellent or Very Good,73.16010000000001,2.0718,1.0,1.5143,0.0,73.160141323
AB,2009,MALE,Poor Fair or Good,26.8399,5.657000000000001,1.0,1.5143,0.0,26.839858677000002
AB,2010,BOTH,Excellent or Very Good,73.47330000000001,1.3078,1.0,0.9609,0.0,73.473311753
AB,2010,BOTH,Poor Fair or Good,26.5267,3.6222000000000003,1.0,0.9609,0.0,26.526688247
AB,2010,FEMALE,Excellent or Very Good,73.47290000000001,1.8318,1.0,1.3354000000000001,0.0,73.47286612500001
AB,2010,FEMALE,Poor Fair or Good,26.5271,5.0456,1.0,1.3354000000000001,0.0,26.527133875
AB,2010,MALE,Excellent or Very Good,73.47370000000001,1.8337,1.0,1.3472,0.0,73.473741137
AB,2010,MALE,Poor Fair or Good,26.5263,5.0985,1.0,1.3472,0.0,26.526258863
AB,2011,BOTH,Excellent or Very Good,74.45620000000001,1.3563,1.0,1.0099,0.0,74.456168149
AB,2011,BOTH,Poor Fair or Good,25.5438,3.9535000000000005,1.0,1.0099,0.0,25.543831851
AB,2011,FEMALE,Excellent or Very Good,73.8112,1.8437000000000001,1.0,1.3434000000000001,0.0,73.811172288
AB,2011,FEMALE,Poor Fair or Good,26.1888,5.128400000000001,1.0,1.3434000000000001,0.0,26.188827712000002
AB,2011,MALE,Excellent or Very Good,75.0832,2.0451,1.0,1.5172,0.0,75.083194055
AB,2011,MALE,Poor Fair or Good,24.916800000000002,6.0787,1.0,1.5172,0.0,24.916805945000004
AB,2012,BOTH,Excellent or Very Good,71.0113,1.6487,1.0,1.1708,0.0,71.011283713
AB,2012,BOTH,Poor Fair or Good,28.9887,4.0387,1.0,1.1708,0.0,28.988716287000003
AB,2012,FEMALE,Excellent or Very Good,69.3258,2.2597,1.0,1.5609,0.0,69.325821363
AB,2012,FEMALE,Poor Fair or Good,30.674200000000003,5.0957,1.0,1.5609,0.0,30.674178637
AB,2012,MALE,Excellent or Very Good,72.65950000000001,2.3195,1.0,1.6547,0.0,72.659472593
AB,2012,MALE,Poor Fair or Good,27.340500000000002,6.0348,1.0,1.6547,0.0,27.340527407
AB,2013,BOTH,Excellent or Very Good,72.9265,1.4706000000000001,1.0,1.0725,0.0,72.926516108
AB,2013,BOTH,Poor Fair or Good,27.0735,3.9614000000000003,1.0,1.0725,0.0,27.073483892
AB,2013,FEMALE,Excellent or Very Good,73.0679,2.0264,1.0,1.4386,0.0,73.067858055
AB,2013,FEMALE,Poor Fair or Good,26.932100000000002,5.342200000000001,1.0,1.4386,0.0,26.932141945
AB,2013,MALE,Excellent or Very Good,72.7899,2.0022,1.0,1.4424000000000001,0.0,72.789921963
AB,2013,MALE,Poor Fair or Good,27.210100000000004,5.322000000000001,1.0,1.4424000000000001,0.0,27.210078037000002
AB,2014,BOTH,Excellent or Very Good,72.21690000000001,1.2877,1.0,0.93,0.0,72.216921132
AB,2014,BOTH,Poor Fair or Good,27.783100000000005,3.3472000000000004,1.0,0.93,0.0,27.783078868000004
AB,2014,FEMALE,Excellent or Very Good,70.7215,1.9841000000000002,1.0,1.3996,0.0,70.72148423600001
AB,2014,FEMALE,Poor Fair or Good,29.2785,4.7907,1.0,1.3996,0.0,29.278515764
AB,2014,MALE,Excellent or Very Good,73.68620000000001,1.8239,1.0,1.3483,0.0,73.68621371600001
AB,2014,MALE,Poor Fair or Good,26.3138,5.141400000000001,1.0,1.3483,0.0,26.313786284
Z1,2003,BOTH,Excellent or Very Good,70.77,2.1439,1.0,1.4625000000000001,-2.2565632640000004,74.070165201
Z1,2003,BOTH,Poor Fair or Good,29.230000000000004,5.0393,1.0,1.4625000000000001,2.2565632639000004,25.929834799
Z1,2003,FEMALE,Excellent or Very Good,68.5059,2.8677,1.0,1.9678000000000002,-2.3343641620000004,73.099412736
Z1,2003,FEMALE,Poor Fair or Good,31.494100000000003,6.2862,1.0,1.9678000000000002,2.3343641617000004,26.900587264000002
Z1,2003,MALE,Excellent or Very Good,73.0613,3.2553,1.0,2.1932,-0.901815583,75.039116922
Z1,2003,MALE,Poor Fair or Good,26.9387,8.1592,1.0,2.1932,0.9018155827000001,24.960883078000002
Z1,2005,BOTH,Excellent or Very Good,74.0693,2.1562,1.0,1.5452,-0.32077112,74.565002695
Z1,2005,BOTH,Poor Fair or Good,25.9307,5.9633,1.0,1.5452,0.32077112,25.434997305000003
Z1,2005,FEMALE,Excellent or Very Good,71.6851,3.0568,1.0,2.1687000000000003,-1.030092121,73.91904208300001
Z1,2005,FEMALE,Poor Fair or Good,28.3149,7.7174000000000005,1.0,2.1687000000000003,1.0300921207,26.080957917
Z1,2005,MALE,Excellent or Very Good,76.45410000000001,2.834,1.0,2.0466,0.6098168515000001,75.206086539
Z1,2005,MALE,Poor Fair or Good,23.5459,8.651299999999999,1.0,2.0466,-0.609816851,24.793913461000002
Z1,2007,BOTH,Excellent or Very Good,72.0383,3.6552000000000002,1.0,2.0362999999999998,-2.007848222,76.126911383
Z1,2007,BOTH,Poor Fair or Good,27.9617,7.4508,1.0,2.0362999999999998,2.0078482222,23.873088617
Z1,2007,FEMALE,Excellent or Very Good,69.97120000000001,4.0805,1.0,2.5723,-2.290708475,75.863556225
Z1,2007,FEMALE,Poor Fair or Good,30.0288,8.863700000000001,1.0,2.5723,2.2907084745,24.136443775
Z1,2007,MALE,Excellent or Very Good,74.0933,4.851300000000001,1.0,2.8533000000000004,-0.803205446,76.385035708
Z1,2007,MALE,Poor Fair or Good,25.9067,10.9491,1.0,2.8533000000000004,0.8032054462,23.614964292
Z1,2008,BOTH,Excellent or Very Good,73.2848,2.8653000000000004,1.0,1.7408000000000001,-0.068011285,73.40321767200001
Z1,2008,BOTH,Poor Fair or Good,26.715200000000003,6.7163,1.0,1.7408000000000001,0.0680112847,26.596782328
Z1,2008,FEMALE,Excellent or Very Good,69.7913,4.3468,1.0,2.9478000000000004,-0.815275221,72.19455495000001
Z1,2008,FEMALE,Poor Fair or Good,30.208700000000004,10.110100000000001,1.0,2.9478000000000004,0.8152752206,27.80544505
Z1,2008,MALE,Excellent or Very Good,76.69330000000001,4.3353,1.0,2.5606,0.8193180778,74.595268413
Z1,2008,MALE,Poor Fair or Good,23.3067,10.739600000000001,1.0,2.5606,-0.819318078,25.404731587
Z1,2009,BOTH,Excellent or Very Good,75.62490000000001,2.9139000000000004,1.0,2.2397,0.7275909567000001,73.99526592900001
Z1,2009,BOTH,Poor Fair or Good,24.3751,9.7939,1.0,2.2397,-0.7275909570000001,26.004734071
Z1,2009,FEMALE,Excellent or Very Good,74.3817,3.8841,1.0,2.8845,-0.16265821800000002,74.850924894
Z1,2009,FEMALE,Poor Fair or Good,25.6183,11.9231,1.0,2.8845,0.1626582182,25.149075106
Z1,2009,MALE,Excellent or Very Good,76.83730000000001,4.147100000000001,1.0,3.4541000000000004,1.0645669336,73.160141323
Z1,2009,MALE,Poor Fair or Good,23.1627,16.0814,1.0,3.4541000000000004,-1.064566934,26.839858677000002
Z1,2010,BOTH,Excellent or Very Good,74.97080000000001,3.9112000000000005,1.0,2.8154000000000003,0.5318821436,73.473311753
Z1,2010,BOTH,Poor Fair or Good,25.0292,11.241100000000001,1.0,2.8154000000000003,-0.531882144,26.526688247
Z1,2010,FEMALE,Excellent or Very Good,76.4372,4.105300000000001,1.0,2.9057000000000004,1.0201918824,73.47286612500001
Z1,2010,FEMALE,Poor Fair or Good,23.5628,12.196700000000002,1.0,2.9057000000000004,-1.020191882,26.527133875
Z1,2010,MALE,Excellent or Very Good,73.5492,5.1648000000000005,1.0,3.6857,0.0204825468,73.473741137
Z1,2010,MALE,Poor Fair or Good,26.4508,14.0503,1.0,3.6857,-0.020482547,26.526258863
Z1,2011,BOTH,Excellent or Very Good,71.13310000000001,3.3101000000000003,1.0,2.3336,-1.423967379,74.456168149
Z1,2011,BOTH,Poor Fair or Good,28.8669,8.0952,1.0,2.3336,1.4239673791,25.543831851
Z1,2011,FEMALE,Excellent or Very Good,70.39489999999999,4.692900000000001,1.0,3.3084000000000002,-1.032619463,73.811172288
Z1,2011,FEMALE,Poor Fair or Good,29.6051,11.2192,1.0,3.3084000000000002,1.0326194632,26.188827712000002
Z1,2011,MALE,Excellent or Very Good,71.8749,5.1439,1.0,3.6789,-0.8720699310000001,75.083194055
Z1,2011,MALE,Poor Fair or Good,28.1251,13.118200000000002,1.0,3.6789,0.8720699312000001,24.916805945000004
Z1,2012,BOTH,Excellent or Very Good,70.46300000000001,4.108300000000001,1.0,2.8805,-0.190353483,71.011283713
Z1,2012,BOTH,Poor Fair or Good,29.537,9.786700000000002,1.0,2.8805,0.1903534829,28.988716287000003
Z1,2012,FEMALE,Excellent or Very Good,71.9688,4.2431,1.0,3.058,0.8642937057000001,69.325821363
Z1,2012,FEMALE,Poor Fair or Good,28.0312,10.944700000000001,1.0,3.058,-0.864293706,30.674178637
Z1,2012,MALE,Excellent or Very Good,68.9231,7.2008,1.0,4.836500000000001,-0.772545063,72.659472593
Z1,2012,MALE,Poor Fair or Good,31.0769,15.4834,1.0,4.836500000000001,0.7725450629,27.340527407
Z1,2013,BOTH,Excellent or Very Good,69.3026,3.9962000000000004,1.0,2.7477,-1.3188946910000001,72.926516108
Z1,2013,BOTH,Poor Fair or Good,30.697400000000002,8.9575,1.0,2.7477,1.3188946912000001,27.073483892
Z1,2013,FEMALE,Excellent or Very Good,70.0899,5.5808,1.0,3.8617000000000004,-0.7711383410000001,73.067858055
Z1,2013,FEMALE,Poor Fair or Good,29.910100000000003,12.892000000000001,1.0,3.8617000000000004,0.7711383415,26.932141945
Z1,2013,MALE,Excellent or Very Good,68.52,5.961200000000001,1.0,4.0234,-1.061251648,72.789921963
Z1,2013,MALE,Poor Fair or Good,31.48,12.730400000000001,1.0,4.0234,1.0612516478,27.210078037000002
Z1,2014,BOTH,Excellent or Very Good,63.983900000000006,4.478700000000001,1.0,2.8686000000000003,-2.870085999,72.216921132
Z1,2014,BOTH,Poor Fair or Good,36.0161,8.0303,1.0,2.8686000000000003,2.8700859993,27.783078868000004
Z1,2014,FEMALE,Excellent or Very Good,66.5005,5.1866,1.0,3.3966000000000003,-1.2426967930000001,70.72148423600001
Z1,2014,FEMALE,Poor Fair or Good,33.4995,10.130600000000001,1.0,3.3966000000000003,1.2426967934000002,29.278515764
Z1,2014,MALE,Excellent or Very Good,61.406400000000005,8.6898,1.0,5.338000000000001,-2.3004509110000004,73.68621371600001
Z1,2014,MALE,Poor Fair or Good,38.5936,13.913400000000001,1.0,5.338000000000001,2.3004509114000005,26.313786284
Z2,2003,BOTH,Excellent or Very Good,76.2179,1.4975,1.0,1.0791,1.9903530978000001,74.070165201
Z2,2003,BOTH,Poor Fair or Good,23.782100000000003,4.5755,1.0,1.0791,-1.9903530980000002,25.929834799
Z2,2003,FEMALE,Excellent or Very Good,76.3887,1.9267,1.0,1.4340000000000002,2.2936820728000002,73.099412736
Z2,2003,FEMALE,Poor Fair or Good,23.6113,6.1543,1.0,1.4340000000000002,-2.2936820730000003,26.900587264000002
Z2,2003,MALE,Excellent or Very Good,76.0486,2.1674,1.0,1.5456,0.6531044523000001,75.039116922
Z2,2003,MALE,Poor Fair or Good,23.951400000000003,6.4468000000000005,1.0,1.5456,-0.6531044520000001,24.960883078000002
Z2,2005,BOTH,Excellent or Very Good,76.9651,1.3832,1.0,1.0565,2.2718654087,74.565002695
Z2,2005,BOTH,Poor Fair or Good,23.0349,4.606700000000001,1.0,1.0565,-2.271865409,25.434997305000003
Z2,2005,FEMALE,Excellent or Very Good,74.6329,2.1441,1.0,1.5814,0.45141630920000003,73.91904208300001
Z2,2005,FEMALE,Poor Fair or Good,25.3671,6.2714,1.0,1.5814,-0.451416309,26.080957917
Z2,2005,MALE,Excellent or Very Good,79.2722,1.8758000000000001,1.0,1.4867000000000001,2.7350768370000003,75.206086539
Z2,2005,MALE,Poor Fair or Good,20.727800000000002,7.2236,1.0,1.4867000000000001,-2.7350768370000003,24.793913461000002
Z2,2007,BOTH,Excellent or Very Good,80.64250000000001,1.8852,1.0,1.2720000000000002,3.5499600955,76.126911383
Z2,2007,BOTH,Poor Fair or Good,19.3575,6.490200000000001,1.0,1.2720000000000002,-3.549960095,23.873088617
Z2,2007,FEMALE,Excellent or Very Good,79.63480000000001,3.0526,1.0,1.9906000000000001,1.8945402595,75.863556225
Z2,2007,FEMALE,Poor Fair or Good,20.3652,9.7307,1.0,1.9906000000000001,-1.894540259,24.136443775
Z2,2007,MALE,Excellent or Very Good,81.62400000000001,2.09,1.0,1.6538000000000002,3.1677375524,76.385035708
Z2,2007,MALE,Poor Fair or Good,18.376,8.9854,1.0,1.6538000000000002,-3.167737552,23.614964292
Z2,2008,BOTH,Excellent or Very Good,76.3595,2.3794000000000004,1.0,1.7858000000000003,1.6554668066,73.40321767200001
Z2,2008,BOTH,Poor Fair or Good,23.640500000000003,7.607900000000001,1.0,1.7858000000000003,-1.655466807,26.596782328
Z2,2008,FEMALE,Excellent or Very Good,76.16570000000002,3.8121,1.0,2.8902,1.3739702601000001,72.19455495000001
Z2,2008,FEMALE,Poor Fair or Good,23.8343,12.179700000000002,1.0,2.8902,-1.37397026,27.80544505
Z2,2008,MALE,Excellent or Very Good,76.5512,2.8837,1.0,2.0793,0.940633787,74.595268413
Z2,2008,MALE,Poor Fair or Good,23.448800000000002,8.9308,1.0,2.0793,-0.940633787,25.404731587
Z2,2009,BOTH,Excellent or Very Good,76.1616,2.3251000000000004,1.0,1.7564000000000002,1.2333938013,73.99526592900001
Z2,2009,BOTH,Poor Fair or Good,23.8384,7.381500000000001,1.0,1.7564000000000002,-1.233393801,26.004734071
Z2,2009,FEMALE,Excellent or Very Good,78.26100000000001,2.9410000000000003,1.0,2.2284,1.5302873325,74.850924894
Z2,2009,FEMALE,Poor Fair or Good,21.739000000000004,10.2413,1.0,2.2284,-1.530287332,25.149075106
Z2,2009,MALE,Excellent or Very Good,74.1449,3.8284000000000002,1.0,2.8200000000000003,0.34920361390000004,73.160141323
Z2,2009,MALE,Poor Fair or Good,25.8551,10.930200000000001,1.0,2.8200000000000003,-0.34920361400000005,26.839858677000002
Z2,2010,BOTH,Excellent or Very Good,74.2612,2.4352000000000005,1.0,1.7890000000000001,0.4404065026,73.473311753
Z2,2010,BOTH,Poor Fair or Good,25.7388,6.96,1.0,1.7890000000000001,-0.440406503,26.526688247
Z2,2010,FEMALE,Excellent or Very Good,75.0018,3.4981000000000004,1.0,2.5925,0.589745488,73.47286612500001
Z2,2010,FEMALE,Poor Fair or Good,24.9982,10.433200000000001,1.0,2.5925,-0.589745488,26.527133875
Z2,2010,MALE,Excellent or Very Good,73.5475,3.2412,1.0,2.4026000000000005,0.0307061219,73.473741137
Z2,2010,MALE,Poor Fair or Good,26.4525,9.1694,1.0,2.4026000000000005,-0.030706122,26.526258863
Z2,2011,BOTH,Excellent or Very Good,78.7022,2.1333,1.0,1.6678000000000002,2.5458661514,74.456168149
Z2,2011,BOTH,Poor Fair or Good,21.297800000000002,7.847600000000001,1.0,1.6678000000000002,-2.545866151,25.543831851
Z2,2011,FEMALE,Excellent or Very Good,79.1379,2.5294,1.0,1.9969000000000001,2.6674661902,73.811172288
Z2,2011,FEMALE,Poor Fair or Good,20.8621,9.617300000000002,1.0,1.9969000000000001,-2.6674661900000003,26.188827712000002
Z2,2011,MALE,Excellent or Very Good,78.2799,3.5539,1.0,2.7478000000000002,1.1633498959000002,75.083194055
Z2,2011,MALE,Poor Fair or Good,21.720100000000002,12.648000000000001,1.0,2.7478000000000002,-1.1633498960000002,24.916805945000004
Z2,2012,BOTH,Excellent or Very Good,74.0944,2.7299,1.0,2.0056,1.5372408934,71.011283713
Z2,2012,BOTH,Poor Fair or Good,25.905600000000003,7.7356,1.0,2.0056,-1.5372408929999999,28.988716287000003
Z2,2012,FEMALE,Excellent or Very Good,72.605,3.7598000000000003,1.0,2.6895000000000002,1.2192549287,69.325821363
Z2,2012,FEMALE,Poor Fair or Good,27.395,9.798200000000001,1.0,2.6895000000000002,-1.219254929,30.674178637
Z2,2012,MALE,Excellent or Very Good,75.5389,3.8006,1.0,2.8711,1.0028986466,72.659472593
Z2,2012,MALE,Poor Fair or Good,24.461100000000002,11.7673,1.0,2.8711,-1.002898647,27.340527407
Z2,2013,BOTH,Excellent or Very Good,73.0999,3.2064000000000004,1.0,2.2995,0.0754093939,72.926516108
Z2,2013,BOTH,Poor Fair or Good,26.900100000000002,8.5598,1.0,2.2995,-0.075409394,27.073483892
Z2,2013,FEMALE,Excellent or Very Good,75.7144,3.7123000000000004,1.0,2.6926,0.982892831,73.067858055
Z2,2013,FEMALE,Poor Fair or Good,24.285600000000002,11.1719,1.0,2.6926,-0.982892831,26.932141945
Z2,2013,MALE,Excellent or Very Good,70.5542,4.8641000000000005,1.0,3.3196000000000003,-0.673489819,72.789921963
Z2,2013,MALE,Poor Fair or Good,29.445800000000002,11.286700000000002,1.0,3.3196000000000003,0.6734898187000001,27.210078037000002
Z2,2014,BOTH,Excellent or Very Good,72.13270000000001,2.3611000000000004,1.0,1.7039000000000002,-0.049436507,72.216921132
Z2,2014,BOTH,Poor Fair or Good,27.8673,6.1347000000000005,1.0,1.7039000000000002,0.0494365069,27.783078868000004
Z2,2014,FEMALE,Excellent or Very Good,70.8765,3.4046000000000003,1.0,2.3996000000000004,0.0645961514,70.72148423600001
Z2,2014,FEMALE,Poor Fair or Good,29.1235,8.244200000000001,1.0,2.3996000000000004,-0.064596151,29.278515764
Z2,2014,MALE,Excellent or Very Good,73.3717,3.5214,1.0,2.5878,-0.121532362,73.68621371600001
Z2,2014,MALE,Poor Fair or Good,26.628300000000003,9.767600000000002,1.0,2.5878,0.121532362,26.313786284
Z3,2003,BOTH,Excellent or Very Good,71.2132,2.1852,1.0,1.1662000000000001,-2.4498594970000003,74.070165201
Z3,2003,BOTH,Poor Fair or Good,28.786800000000003,4.2559000000000005,1.0,1.1662000000000001,2.4498594973000003,25.929834799
Z3,2003,FEMALE,Excellent or Very Good,69.40830000000001,2.8037,1.0,1.6432,-2.246360543,73.099412736
Z3,2003,FEMALE,Poor Fair or Good,30.5917,5.529,1.0,1.6432,2.2463605432000002,26.900587264000002
Z3,2003,MALE,Excellent or Very Good,73.0292,2.7691000000000003,1.0,1.6521000000000001,-1.2165775220000001,75.039116922
Z3,2003,MALE,Poor Fair or Good,26.9708,6.398000000000001,1.0,1.6521000000000001,1.2165775219000001,24.960883078000002
Z3,2005,BOTH,Excellent or Very Good,73.1713,1.6787,1.0,1.1593,-1.2021862260000002,74.565002695
Z3,2005,BOTH,Poor Fair or Good,26.8287,4.3327,1.0,1.1593,1.2021862256000002,25.434997305000003
Z3,2005,FEMALE,Excellent or Very Good,73.65920000000001,2.4797000000000002,1.0,1.7149,-0.151518179,73.91904208300001
Z3,2005,FEMALE,Poor Fair or Good,26.3408,6.5314,1.0,1.7149,0.1515181793,26.080957917
Z3,2005,MALE,Excellent or Very Good,72.6834,2.4156000000000004,1.0,1.7056000000000002,-1.479062748,75.206086539
Z3,2005,MALE,Poor Fair or Good,27.3166,6.2795000000000005,1.0,1.7056000000000002,1.4790627483,24.793913461000002
Z3,2007,BOTH,Excellent or Very Good,74.5408,3.2693000000000003,1.0,1.4894,-1.064949849,76.126911383
Z3,2007,BOTH,Poor Fair or Good,25.459200000000003,6.6126000000000005,1.0,1.4894,1.0649498494,23.873088617
Z3,2007,FEMALE,Excellent or Very Good,75.34519999999999,4.7689,1.0,2.1338,-0.242944712,75.863556225
Z3,2007,FEMALE,Poor Fair or Good,24.6548,9.680000000000001,1.0,2.1338,0.24294471180000002,24.136443775
Z3,2007,MALE,Excellent or Very Good,73.767,3.615,1.0,2.3649000000000004,-1.107064467,76.385035708
Z3,2007,MALE,Poor Fair or Good,26.233000000000004,9.4987,1.0,2.3649000000000004,1.1070644675,23.614964292
Z3,2008,BOTH,Excellent or Very Good,71.98790000000001,2.734,1.0,1.863,-0.7596835270000001,73.40321767200001
Z3,2008,BOTH,Poor Fair or Good,28.0121,6.7898000000000005,1.0,1.863,0.7596835267000001,26.596782328
Z3,2008,FEMALE,Excellent or Very Good,73.535,3.3623000000000003,1.0,2.3956000000000004,0.5595605305,72.19455495000001
Z3,2008,FEMALE,Poor Fair or Good,26.465000000000003,9.1618,1.0,2.3956000000000004,-0.559560531,27.80544505
Z3,2008,MALE,Excellent or Very Good,70.48280000000001,3.8982,1.0,2.6099,-1.575689821,74.595268413
Z3,2008,MALE,Poor Fair or Good,29.5172,9.038,1.0,2.6099,1.5756898211,25.404731587
Z3,2009,BOTH,Excellent or Very Good,69.0051,3.1853000000000002,1.0,2.1622,-2.307938925,73.99526592900001
Z3,2009,BOTH,Poor Fair or Good,30.9949,7.2372000000000005,1.0,2.1622,2.3079389249,26.004734071
Z3,2009,FEMALE,Excellent or Very Good,69.0982,4.5923,1.0,3.1122,-1.84843285,74.850924894
Z3,2009,FEMALE,Poor Fair or Good,30.9018,10.2177,1.0,3.1122,1.8484328497,25.149075106
Z3,2009,MALE,Excellent or Very Good,68.9093,5.3531,1.0,3.6966,-1.149926261,73.160141323
Z3,2009,MALE,Poor Fair or Good,31.0907,12.4673,1.0,3.6966,1.149926261,26.839858677000002
Z3,2010,BOTH,Excellent or Very Good,73.0689,2.8825000000000003,1.0,2.0592,-0.196400829,73.473311753
Z3,2010,BOTH,Poor Fair or Good,26.9311,7.643300000000001,1.0,2.0592,0.1964008288,26.526688247
Z3,2010,FEMALE,Excellent or Very Good,70.12670000000001,4.3125,1.0,3.0053,-1.1134048470000002,73.47286612500001
Z3,2010,FEMALE,Poor Fair or Good,29.8733,10.0667,1.0,3.0053,1.1134048468000002,26.527133875
Z3,2010,MALE,Excellent or Very Good,75.9287,3.7884,1.0,2.7373000000000003,0.8968678560000001,73.473741137
Z3,2010,MALE,Poor Fair or Good,24.0713,11.3238,1.0,2.7373000000000003,-0.8968678560000001,26.526258863
Z3,2011,BOTH,Excellent or Very Good,71.3107,3.4360000000000004,1.0,2.4297000000000004,-1.2945790220000002,74.456168149
Z3,2011,BOTH,Poor Fair or Good,28.689300000000003,8.4917,1.0,2.4297000000000004,1.2945790220000002,25.543831851
Z3,2011,FEMALE,Excellent or Very Good,73.8447,3.5103,1.0,2.5618,0.0131036444,73.811172288
Z3,2011,FEMALE,Poor Fair or Good,26.1553,9.8399,1.0,2.5618,-0.013103644,26.188827712000002
Z3,2011,MALE,Excellent or Very Good,68.8364,5.9389,1.0,4.0212,-1.553453142,75.083194055
Z3,2011,MALE,Poor Fair or Good,31.163600000000002,12.8757,1.0,4.0212,1.5534531417,24.916805945000004
Z3,2012,BOTH,Excellent or Very Good,70.2729,2.9570000000000003,1.0,2.0693,-0.35682928500000005,71.011283713
Z3,2012,BOTH,Poor Fair or Good,29.727100000000004,6.9962,1.0,2.0693,0.3568292847,28.988716287000003
Z3,2012,FEMALE,Excellent or Very Good,66.12740000000001,4.666500000000001,1.0,3.0296,-1.055697459,69.325821363
Z3,2012,FEMALE,Poor Fair or Good,33.872600000000006,8.9039,1.0,3.0296,1.0556974589,30.674178637
Z3,2012,MALE,Excellent or Very Good,74.3256,4.0231,1.0,3.0343,0.5490842242,72.659472593
Z3,2012,MALE,Poor Fair or Good,25.674400000000002,11.9597,1.0,3.0343,-0.549084224,27.340527407
Z3,2013,BOTH,Excellent or Very Good,71.0852,3.2,1.0,2.0332,-0.905599828,72.926516108
Z3,2013,BOTH,Poor Fair or Good,28.914800000000003,6.9581,1.0,2.0332,0.9055998275,27.073483892
Z3,2013,FEMALE,Excellent or Very Good,72.2856,3.9904,1.0,2.7944,-0.279952751,73.067858055
Z3,2013,FEMALE,Poor Fair or Good,27.7144,10.110300000000002,1.0,2.7944,0.2799527513,26.932141945
Z3,2013,MALE,Excellent or Very Good,69.92060000000001,4.7532000000000005,1.0,2.8717,-0.999178115,72.789921963
Z3,2013,MALE,Poor Fair or Good,30.0794,9.332,1.0,2.8717,0.9991781151,27.210078037000002
Z3,2014,BOTH,Excellent or Very Good,73.2135,3.7719,1.0,2.2477,0.4433818828,72.216921132
Z3,2014,BOTH,Poor Fair or Good,26.786500000000004,8.4113,1.0,2.2477,-0.44338188300000003,27.783078868000004
Z3,2014,FEMALE,Excellent or Very Good,72.262,4.6290000000000004,1.0,3.0093,0.5119134084,70.72148423600001
Z3,2014,FEMALE,Poor Fair or Good,27.738000000000003,11.1666,1.0,3.0093,-0.511913408,29.278515764
Z3,2014,MALE,Excellent or Very Good,74.1482,5.4335,1.0,3.4770000000000003,0.132854618,73.68621371600001
Z3,2014,MALE,Poor Fair or Good,25.8518,13.162700000000001,1.0,3.4770000000000003,-0.132854618,26.313786284
Z4,2003,BOTH,Excellent or Very Good,74.7324,1.6853,1.0,1.1459000000000001,0.577949233,74.070165201
Z4,2003,BOTH,Poor Fair or Good,25.2676,4.506,1.0,1.1459000000000001,-0.577949233,25.929834799
Z4,2003,FEMALE,Excellent or Very Good,72.69050000000001,2.7253000000000003,1.0,1.7820000000000003,-0.22947824,73.099412736
Z4,2003,FEMALE,Poor Fair or Good,27.3095,6.4736,1.0,1.7820000000000003,0.2294782397,26.900587264000002
Z4,2003,MALE,Excellent or Very Good,76.7964,2.1167000000000002,1.0,1.5513,1.1327472318,75.039116922
Z4,2003,MALE,Poor Fair or Good,23.2036,6.694000000000001,1.0,1.5513,-1.132747232,24.960883078000002
Z4,2005,BOTH,Excellent or Very Good,73.7809,1.7914,1.0,1.2977,-0.604230094,74.565002695
Z4,2005,BOTH,Poor Fair or Good,26.219100000000005,4.9558,1.0,1.2977,0.604230094,25.434997305000003
Z4,2005,FEMALE,Excellent or Very Good,75.0322,2.149,1.0,1.5601,0.7134854294,73.91904208300001
Z4,2005,FEMALE,Poor Fair or Good,24.9678,6.2545,1.0,1.5601,-0.7134854290000001,26.080957917
Z4,2005,MALE,Excellent or Very Good,72.5065,2.8019000000000003,1.0,1.9818000000000002,-1.362239119,75.206086539
Z4,2005,MALE,Poor Fair or Good,27.4935,7.2211,1.0,1.9818000000000002,1.3622391192,24.793913461000002
Z4,2007,BOTH,Excellent or Very Good,73.63940000000001,2.6322,1.0,1.8512,-1.343733511,76.126911383
Z4,2007,BOTH,Poor Fair or Good,26.3606,7.0169,1.0,1.8512,1.3437335107000001,23.873088617
Z4,2007,FEMALE,Excellent or Very Good,74.65830000000001,3.2013000000000003,1.0,2.2704,-0.530854471,75.863556225
Z4,2007,FEMALE,Poor Fair or Good,25.3417,9.0273,1.0,2.2704,0.5308544708,24.136443775
Z4,2007,MALE,Excellent or Very Good,72.60900000000001,3.7233,1.0,2.6147,-1.4441509380000002,76.385035708
Z4,2007,MALE,Poor Fair or Good,27.391000000000002,9.5464,1.0,2.6147,1.4441509378000001,23.614964292
Z4,2008,BOTH,Excellent or Very Good,72.29520000000001,3.1188000000000002,1.0,2.2213000000000003,-0.498801481,73.40321767200001
Z4,2008,BOTH,Poor Fair or Good,27.704800000000002,8.0436,1.0,2.2213000000000003,0.4988014807,26.596782328
Z4,2008,FEMALE,Excellent or Very Good,68.8245,4.5837,1.0,3.1153,-1.081758885,72.19455495000001
Z4,2008,FEMALE,Poor Fair or Good,31.175500000000003,10.0224,1.0,3.1153,1.0817588855,27.80544505
Z4,2008,MALE,Excellent or Very Good,75.80069999999999,3.5583,1.0,2.5964,0.4642635828,74.595268413
Z4,2008,MALE,Poor Fair or Good,24.1993,10.7399,1.0,2.5964,-0.46426358300000004,25.404731587
Z4,2009,BOTH,Excellent or Very Good,72.3994,2.6285000000000003,1.0,1.905,-0.8377285240000001,73.99526592900001
Z4,2009,BOTH,Poor Fair or Good,27.6006,6.9416,1.0,1.905,0.8377285239000001,26.004734071
Z4,2009,FEMALE,Excellent or Very Good,73.10530000000001,4.25,1.0,3.0819,-0.566415658,74.850924894
Z4,2009,FEMALE,Poor Fair or Good,26.8947,11.4547,1.0,3.0819,0.5664156585,25.149075106
Z4,2009,MALE,Excellent or Very Good,71.69460000000001,4.1000000000000005,1.0,2.9642000000000004,-0.494436927,73.160141323
Z4,2009,MALE,Poor Fair or Good,28.305400000000002,10.5811,1.0,2.9642000000000004,0.4944369275,26.839858677000002
Z4,2010,BOTH,Excellent or Very Good,72.95,2.6195,1.0,1.8899000000000001,-0.276874108,73.473311753
Z4,2010,BOTH,Poor Fair or Good,27.05,7.0127,1.0,1.8899000000000001,0.2768741085,26.526688247
Z4,2010,FEMALE,Excellent or Very Good,72.9585,3.2514000000000003,1.0,2.3536,-0.218531885,73.47286612500001
Z4,2010,FEMALE,Poor Fair or Good,27.0415,8.7583,1.0,2.3536,0.2185318852,26.527133875
Z4,2010,MALE,Excellent or Very Good,72.94160000000001,4.04,1.0,2.9031000000000002,-0.183282364,73.473741137
Z4,2010,MALE,Poor Fair or Good,27.0584,10.744700000000002,1.0,2.9031000000000002,0.183282364,26.526258863
Z4,2011,BOTH,Excellent or Very Good,73.39659999999999,2.6658,1.0,1.9377000000000002,-0.546844105,74.456168149
Z4,2011,BOTH,Poor Fair or Good,26.6034,7.2968,1.0,1.9377000000000002,0.5468441053,25.543831851
Z4,2011,FEMALE,Excellent or Very Good,71.41340000000001,4.2084,1.0,2.9408000000000003,-0.8153525370000001,73.811172288
Z4,2011,FEMALE,Poor Fair or Good,28.5866,10.232500000000002,1.0,2.9408000000000003,0.8153525371,26.188827712000002
Z4,2011,MALE,Excellent or Very Good,75.3564,3.5699,1.0,2.5868,0.10560547090000001,75.083194055
Z4,2011,MALE,Poor Fair or Good,24.643600000000003,10.485800000000001,1.0,2.5868,-0.105605471,24.916805945000004
Z4,2012,BOTH,Excellent or Very Good,68.5591,3.7363,1.0,2.4862,-0.986300551,71.011283713
Z4,2012,BOTH,Poor Fair or Good,31.440900000000003,7.8638,1.0,2.4862,0.9863005507,28.988716287000003
Z4,2012,FEMALE,Excellent or Very Good,66.5714,4.8684,1.0,3.2333000000000003,-0.8518902780000001,69.325821363
Z4,2012,FEMALE,Poor Fair or Good,33.428599999999996,9.671600000000002,1.0,3.2333000000000003,0.8518902781000001,30.674178637
Z4,2012,MALE,Excellent or Very Good,70.5558,5.458500000000001,1.0,3.6332,-0.579011609,72.659472593
Z4,2012,MALE,Poor Fair or Good,29.444200000000002,12.2414,1.0,3.6332,0.5790116091999999,27.340527407
Z4,2013,BOTH,Excellent or Very Good,74.8901,2.3835,1.0,1.7152000000000003,1.1448699056,72.926516108
Z4,2013,BOTH,Poor Fair or Good,25.1099,6.8409,1.0,1.7152000000000003,-1.144869906,27.073483892
Z4,2013,FEMALE,Excellent or Very Good,71.65750000000001,3.7315,1.0,2.6404,-0.534147254,73.067858055
Z4,2013,FEMALE,Poor Fair or Good,28.3425,9.367500000000001,1.0,2.6404,0.534147254,26.932141945
Z4,2013,MALE,Excellent or Very Good,78.0448,2.9253000000000005,1.0,2.2044,2.3838143044000004,72.789921963
Z4,2013,MALE,Poor Fair or Good,21.9552,10.0908,1.0,2.2044,-2.3838143040000004,27.210078037000002
Z4,2014,BOTH,Excellent or Very Good,75.2942,2.4545000000000003,1.0,1.7565000000000002,1.7519191054000003,72.216921132
Z4,2014,BOTH,Poor Fair or Good,24.705800000000004,7.1447,1.0,1.7565000000000002,-1.7519191050000003,27.783078868000004
Z4,2014,FEMALE,Excellent or Very Good,73.20270000000001,3.8328,1.0,2.7356000000000003,0.9070113088,70.72148423600001
Z4,2014,FEMALE,Poor Fair or Good,26.797300000000003,10.2674,1.0,2.7356000000000003,-0.907011309,29.278515764
Z4,2014,MALE,Excellent or Very Good,77.38250000000001,3.318,1.0,2.5339,1.4587230615000002,73.68621371600001
Z4,2014,MALE,Poor Fair or Good,22.6175,11.288200000000002,1.0,2.5339,-1.4587230610000002,26.313786284
Z5,2003,BOTH,Excellent or Very Good,70.5521,2.3092,1.0,1.1724,-3.000745769,74.070165201
Z5,2003,BOTH,Poor Fair or Good,29.4479,3.9648000000000003,1.0,1.1724,3.0007457692,25.929834799
Z5,2003,FEMALE,Excellent or Very Good,70.7064,3.3536,1.0,1.6672,-1.4353364720000001,73.099412736
Z5,2003,FEMALE,Poor Fair or Good,29.2936,5.753,1.0,1.6672,1.4353364719000001,26.900587264000002
Z5,2003,MALE,Excellent or Very Good,70.403,2.5039,1.0,1.5367,-3.016908746,75.039116922
Z5,2003,MALE,Poor Fair or Good,29.597,5.2104,1.0,1.5367,3.0169087463,24.960883078000002
Z5,2005,BOTH,Excellent or Very Good,70.6208,1.9025,1.0,1.2696,-3.106764521,74.565002695
Z5,2005,BOTH,Poor Fair or Good,29.3792,4.3475,1.0,1.2696,3.1067645207,25.434997305000003
Z5,2005,FEMALE,Excellent or Very Good,69.973,2.7443,1.0,1.8749,-2.104625295,73.91904208300001
Z5,2005,FEMALE,Poor Fair or Good,30.027,6.357200000000001,1.0,1.8749,2.1046252953,26.080957917
Z5,2005,MALE,Excellent or Very Good,71.2153,2.7163000000000004,1.0,1.8107,-2.20400139,75.206086539
Z5,2005,MALE,Poor Fair or Good,28.784700000000004,6.301000000000001,1.0,1.8107,2.2040013899,24.793913461000002
Z5,2007,BOTH,Excellent or Very Good,72.494,2.4965,1.0,1.5492,-2.3450108550000004,76.126911383
Z5,2007,BOTH,Poor Fair or Good,27.506,5.8333,1.0,1.5492,2.3450108549000004,23.873088617
Z5,2007,FEMALE,Excellent or Very Good,71.2463,3.136,1.0,1.9461000000000002,-2.3725637730000004,75.863556225
Z5,2007,FEMALE,Poor Fair or Good,28.753700000000002,7.0368,1.0,1.9461000000000002,2.3725637730000004,24.136443775
Z5,2007,MALE,Excellent or Very Good,73.64970000000001,3.7446,1.0,2.545,-1.074800221,76.385035708
Z5,2007,MALE,Poor Fair or Good,26.3503,9.7872,1.0,2.545,1.0748002214,23.614964292
Z5,2008,BOTH,Excellent or Very Good,68.4437,2.7615000000000003,1.0,1.7088,-2.9023298920000005,73.40321767200001
Z5,2008,BOTH,Poor Fair or Good,31.5563,5.355600000000001,1.0,1.7088,2.9023298916000004,26.596782328
Z5,2008,FEMALE,Excellent or Very Good,68.7283,3.9265000000000003,1.0,2.3199,-1.4941360650000002,72.19455495000001
Z5,2008,FEMALE,Poor Fair or Good,31.271700000000003,7.304100000000001,1.0,2.3199,1.4941360645000001,27.80544505
Z5,2008,MALE,Excellent or Very Good,68.1778,4.0066,1.0,2.5285,-2.538091808,74.595268413
Z5,2008,MALE,Poor Fair or Good,31.822200000000002,7.814500000000001,1.0,2.5285,2.5380918078,25.404731587
Z5,2009,BOTH,Excellent or Very Good,75.5626,2.2743,1.0,1.6687,0.9392852070000001,73.99526592900001
Z5,2009,BOTH,Poor Fair or Good,24.437400000000004,6.820800000000001,1.0,1.6687,-0.9392852070000001,26.004734071
Z5,2009,FEMALE,Excellent or Very Good,75.18660000000001,3.2153,1.0,2.3983000000000003,0.1399677009,74.850924894
Z5,2009,FEMALE,Poor Fair or Good,24.8134,9.692300000000001,1.0,2.3983000000000003,-0.139967701,25.149075106
Z5,2009,MALE,Excellent or Very Good,75.90530000000001,3.1806,1.0,2.3120000000000003,1.1873263774,73.160141323
Z5,2009,MALE,Poor Fair or Good,24.0947,9.5763,1.0,2.3120000000000003,-1.187326377,26.839858677000002
Z5,2010,BOTH,Excellent or Very Good,71.67760000000001,2.8769000000000005,1.0,1.9059000000000001,-0.942218277,73.473311753
Z5,2010,BOTH,Poor Fair or Good,28.322400000000002,6.6934000000000005,1.0,1.9059000000000001,0.9422182765,26.526688247
Z5,2010,FEMALE,Excellent or Very Good,71.24210000000001,3.8627000000000002,1.0,2.5417,-0.877650786,73.47286612500001
Z5,2010,FEMALE,Poor Fair or Good,28.757900000000003,8.8718,1.0,2.5417,0.8776507856,26.527133875
Z5,2010,MALE,Excellent or Very Good,72.0606,3.558,1.0,2.4415000000000004,-0.578815858,73.473741137
Z5,2010,MALE,Poor Fair or Good,27.939400000000003,8.821900000000001,1.0,2.4415000000000004,0.5788158579,26.526258863
Z5,2011,BOTH,Excellent or Very Good,68.2536,3.3912000000000004,1.0,2.2881,-2.7107639900000002,74.456168149
Z5,2011,BOTH,Poor Fair or Good,31.7464,7.2237,1.0,2.2881,2.7107639900000002,25.543831851
Z5,2011,FEMALE,Excellent or Very Good,64.0955,5.2337,1.0,3.3354000000000004,-2.9128732100000003,73.811172288
Z5,2011,FEMALE,Poor Fair or Good,35.9045,9.294500000000001,1.0,3.3354000000000004,2.9128732101000003,26.188827712000002
Z5,2011,MALE,Excellent or Very Good,72.0285,3.861,1.0,2.7302,-1.1188491150000002,75.083194055
Z5,2011,MALE,Poor Fair or Good,27.971500000000002,9.8207,1.0,2.7302,1.1188491148000002,24.916805945000004
Z5,2012,BOTH,Excellent or Very Good,68.5433,4.3081,1.0,2.833,-0.871152632,71.011283713
Z5,2012,BOTH,Poor Fair or Good,31.4567,8.994900000000001,1.0,2.833,0.871152632,28.988716287000003
Z5,2012,FEMALE,Excellent or Very Good,67.6787,5.2198,1.0,3.4715000000000003,-0.474470438,69.325821363
Z5,2012,FEMALE,Poor Fair or Good,32.3213,10.7794,1.0,3.4715000000000003,0.4744704384,30.674178637
Z5,2012,MALE,Excellent or Very Good,69.32119999999999,5.2218,1.0,3.2657000000000003,-1.022221799,72.659472593
Z5,2012,MALE,Poor Fair or Good,30.678800000000003,10.4429,1.0,3.2657000000000003,1.0222217986,27.340527407
Z5,2013,BOTH,Excellent or Very Good,70.7907,3.0941,1.0,2.1156,-1.009567152,72.926516108
Z5,2013,BOTH,Poor Fair or Good,29.209300000000002,7.2892,1.0,2.1156,1.0095671521,27.073483892
Z5,2013,FEMALE,Excellent or Very Good,70.7157,4.0297,1.0,2.7729000000000004,-0.848277696,73.067858055
Z5,2013,FEMALE,Poor Fair or Good,29.2843,9.7039,1.0,2.7729000000000004,0.8482776962,26.932141945
Z5,2013,MALE,Excellent or Very Good,70.85759999999999,4.2572,1.0,2.9367000000000005,-0.6579918270000001,72.789921963
Z5,2013,MALE,Poor Fair or Good,29.142400000000002,10.0897,1.0,2.9367000000000005,0.6579918270000001,27.210078037000002
Z5,2014,BOTH,Excellent or Very Good,67.253,3.4414000000000002,1.0,2.1714,-2.2860311,72.216921132
Z5,2014,BOTH,Poor Fair or Good,32.747,6.6938,1.0,2.1714,2.2860311001,27.783078868000004
Z5,2014,FEMALE,Excellent or Very Good,63.0455,6.304400000000001,1.0,3.8293000000000004,-2.004549707,70.72148423600001
Z5,2014,FEMALE,Poor Fair or Good,36.954499999999996,10.5511,1.0,3.8293000000000004,2.0045497074,29.278515764
Z5,2014,MALE,Excellent or Very Good,71.0184,4.5197,1.0,3.2016,-0.833269131,73.68621371600001
Z5,2014,MALE,Poor Fair or Good,28.981600000000004,11.157000000000002,1.0,3.2016,0.8332691309,26.313786284
