Geography,Year,Sex,Stress Category,Prevalence,Coefficient of Variation,CV Flag,Standard Error,Standard Score,Alberta Prevalence
Z1,2001,BOTH,Extremely/quite a bit stressful,25.613500000000002,5.5462,1.0,1.3639000000000001,-0.34333426800000005,26.081740029
Z1,2001,BOTH,Not at all/not very/a bit stressful,74.3865,1.8176,1.0,1.3639000000000001,0.34333426750000007,73.91825997100001
Z1,2001,FEMALE,Extremely/quite a bit stressful,24.5607,8.0176,1.0,1.9525000000000001,-1.003901179,26.520868863
Z1,2001,FEMALE,Not at all/not very/a bit stressful,75.4393,2.777,1.0,1.9525000000000001,1.0039011792,73.47913113700001
Z1,2001,MALE,Extremely/quite a bit stressful,26.677200000000003,7.0442,1.0,1.8139,0.5698388888,25.643537945000002
Z1,2001,MALE,Not at all/not very/a bit stressful,73.3228,2.5944,1.0,1.8139,-0.569838889,74.356462055
Z1,2003,BOTH,Extremely/quite a bit stressful,21.223700000000004,6.5662,1.0,1.3687,-1.551664627,23.347532728
Z1,2003,BOTH,Not at all/not very/a bit stressful,78.7763,1.7808000000000002,1.0,1.3687,1.5516646274,76.65246727200001
Z1,2003,FEMALE,Extremely/quite a bit stressful,21.0417,10.164000000000001,1.0,2.134,-1.578185788,24.409467362
Z1,2003,FEMALE,Not at all/not very/a bit stressful,78.95830000000001,2.9109000000000003,1.0,2.134,1.5781857883,75.590532638
Z1,2003,MALE,Extremely/quite a bit stressful,21.4019,9.0508,1.0,1.9372,-0.461373291,22.295685922000004
Z1,2003,MALE,Not at all/not very/a bit stressful,78.5981,2.694,1.0,1.9372,0.46137329140000005,77.704314078
Z1,2005,BOTH,Extremely/quite a bit stressful,19.8553,6.7899,1.0,1.3479,-1.8437908170000001,22.340503477000002
Z1,2005,BOTH,Not at all/not very/a bit stressful,80.14470000000001,1.819,1.0,1.3479,1.8437908171000001,77.65949652300002
Z1,2005,FEMALE,Extremely/quite a bit stressful,17.7812,10.5781,1.0,1.8921000000000001,-2.09294366,21.741172553000002
Z1,2005,FEMALE,Not at all/not very/a bit stressful,82.2188,2.6235,1.0,1.8921000000000001,2.0929436596,78.258827447
Z1,2005,MALE,Extremely/quite a bit stressful,21.9205,8.303600000000001,1.0,1.8186,-0.559023803,22.937111667000003
Z1,2005,MALE,Not at all/not very/a bit stressful,78.0795,2.4797000000000002,1.0,1.8186,0.5590238028,77.062888333
Z1,2007,BOTH,Extremely/quite a bit stressful,20.8607,8.8559,1.0,1.862,-0.863200674,22.468017665
Z1,2007,BOTH,Not at all/not very/a bit stressful,79.1393,3.6367000000000003,1.0,1.862,0.8632006737000001,77.531982335
Z1,2007,FEMALE,Extremely/quite a bit stressful,21.9218,12.381,1.0,2.7095000000000002,-0.535254711,23.372070627
Z1,2007,FEMALE,Not at all/not very/a bit stressful,78.0782,4.411300000000001,1.0,2.7095000000000002,0.5352547108,76.62792937300001
Z1,2007,MALE,Extremely/quite a bit stressful,19.8337,12.5817,1.0,2.5324,-0.6881281570000001,21.576313517
Z1,2007,MALE,Not at all/not very/a bit stressful,80.1663,4.495900000000001,1.0,2.5324,0.6881281571000001,78.42368648300001
Z1,2008,BOTH,Extremely/quite a bit stressful,20.474200000000003,8.766200000000001,1.0,1.7647000000000002,-0.957246437,22.163359798000002
Z1,2008,BOTH,Not at all/not very/a bit stressful,79.5258,2.6645000000000003,1.0,1.7647000000000002,0.957246437,77.83664020200001
Z1,2008,FEMALE,Extremely/quite a bit stressful,22.768900000000002,13.0177,1.0,2.9842000000000004,-0.34833673900000006,23.808422941
Z1,2008,FEMALE,Not at all/not very/a bit stressful,77.2311,4.216200000000001,1.0,2.9842000000000004,0.34833673930000003,76.19157705900001
Z1,2008,MALE,Extremely/quite a bit stressful,18.163800000000002,12.365400000000001,1.0,2.1988000000000003,-1.093431801,20.568069386
Z1,2008,MALE,Not at all/not very/a bit stressful,81.8362,3.6591,1.0,2.1988000000000003,1.093431801,79.43193061400001
Z1,2009,BOTH,Extremely/quite a bit stressful,19.3103,12.34,1.0,2.2023,-1.852898846,23.390891169
Z1,2009,BOTH,Not at all/not very/a bit stressful,80.6897,2.4078000000000004,1.0,2.2023,1.8528988456,76.60910883100001
Z1,2009,FEMALE,Extremely/quite a bit stressful,14.5341,16.997400000000003,2.0,2.3037,-4.187146950000001,24.180033806
Z1,2009,FEMALE,Not at all/not very/a bit stressful,85.4659,2.8531000000000004,1.0,2.3037,4.187146950200001,75.819966194
Z1,2009,MALE,Extremely/quite a bit stressful,23.9612,16.622600000000002,1.0,3.7492,0.3548031883,22.631003755000002
Z1,2009,MALE,Not at all/not very/a bit stressful,76.0388,4.7173,1.0,3.7492,-0.35480318800000005,77.368996245
Z1,2010,BOTH,Extremely/quite a bit stressful,18.8597,9.379100000000001,1.0,1.7699000000000003,-2.1183266350000003,22.608847298
Z1,2010,BOTH,Not at all/not very/a bit stressful,81.14030000000001,2.362,1.0,1.7699000000000003,2.1183266353,77.39115270200001
Z1,2010,FEMALE,Extremely/quite a bit stressful,18.843500000000002,17.193800000000003,2.0,3.232,-1.342557625,23.182609348
Z1,2010,FEMALE,Not at all/not very/a bit stressful,81.15650000000001,4.0725999999999996,1.0,3.232,1.342557625,76.81739065200001
Z1,2010,MALE,Extremely/quite a bit stressful,18.8753,11.7863,1.0,2.2204,-1.433333635,22.057841147
Z1,2010,MALE,Not at all/not very/a bit stressful,81.1247,3.1107,1.0,2.2204,1.433333635,77.94215885300001
Z1,2011,BOTH,Extremely/quite a bit stressful,20.6934,11.4964,1.0,2.3952000000000004,-1.579633113,24.476881622
Z1,2011,BOTH,Not at all/not very/a bit stressful,79.30660000000002,3.2562,1.0,2.3952000000000004,1.5796331134,75.523118378
Z1,2011,FEMALE,Extremely/quite a bit stressful,17.889300000000002,17.136300000000002,2.0,3.0399,-2.559867165,25.671102996000002
Z1,2011,FEMALE,Not at all/not very/a bit stressful,82.11070000000001,3.7793,1.0,3.0399,2.5598671646,74.328897004
Z1,2011,MALE,Extremely/quite a bit stressful,23.466700000000003,16.452600000000004,1.0,3.9240000000000004,0.0375615421,23.319335074
Z1,2011,MALE,Not at all/not very/a bit stressful,76.5333,5.5619,1.0,3.9240000000000004,-0.037561542,76.680664926
Z1,2012,BOTH,Extremely/quite a bit stressful,23.116600000000002,14.243500000000001,1.0,3.2889000000000004,-0.209922475,23.807014704
Z1,2012,BOTH,Not at all/not very/a bit stressful,76.88340000000001,4.452100000000001,1.0,3.2889000000000004,0.20992247490000002,76.192985296
Z1,2012,FEMALE,Extremely/quite a bit stressful,23.8916,14.2216,1.0,3.353,-0.682704453,26.180773062
Z1,2012,FEMALE,Not at all/not very/a bit stressful,76.1084,4.5661,1.0,3.353,0.682704453,73.819226938
Z1,2012,MALE,Extremely/quite a bit stressful,22.3327,23.8449,2.0,5.321600000000001,0.1486338574,21.541771451
Z1,2012,MALE,Not at all/not very/a bit stressful,77.66730000000001,7.105700000000001,1.0,5.321600000000001,-0.148633857,78.45822854900001
Z1,2013,BOTH,Extremely/quite a bit stressful,19.5782,15.2072,1.0,3.0096,-0.6117646090000001,21.419386529
Z1,2013,BOTH,Not at all/not very/a bit stressful,80.4218,3.9695000000000005,1.0,3.0096,0.6117646092000001,78.580613471
Z1,2013,FEMALE,Extremely/quite a bit stressful,21.426000000000002,19.5141,2.0,4.1725,-0.594661175,23.907216679
Z1,2013,FEMALE,Not at all/not very/a bit stressful,78.574,5.367100000000001,1.0,4.1725,0.5946611754,76.092783321
Z1,2013,MALE,Extremely/quite a bit stressful,17.7638,19.207100000000004,2.0,3.4495000000000005,-0.36621835,19.027069685
Z1,2013,MALE,Not at all/not very/a bit stressful,82.2362,4.515,1.0,3.4495000000000005,0.36621834960000005,80.972930315
Z1,2014,BOTH,Extremely/quite a bit stressful,22.110500000000002,10.2217,1.0,2.2439,-0.16097937,22.471765423
Z1,2014,BOTH,Not at all/not very/a bit stressful,77.88950000000001,2.9433000000000002,1.0,2.2439,0.1609793696,77.528234577
Z1,2014,FEMALE,Extremely/quite a bit stressful,18.1889,16.4037,1.0,2.9892000000000003,-1.1602508770000002,21.657060993
Z1,2014,FEMALE,Not at all/not very/a bit stressful,81.81110000000001,3.8319,1.0,2.9892000000000003,1.1602508767000002,78.34293900700001
Z1,2014,MALE,Extremely/quite a bit stressful,26.123900000000003,16.3187,1.0,4.2325,0.6724223223000001,23.277920428
Z1,2014,MALE,Not at all/not very/a bit stressful,73.8761,5.690600000000001,1.0,4.2325,-0.6724223220000001,76.722079572
Z2,2001,BOTH,Extremely/quite a bit stressful,26.110400000000002,4.2883000000000004,1.0,1.1267,0.025477833,26.081740029
Z2,2001,BOTH,Not at all/not very/a bit stressful,73.8896,1.6613,1.0,1.1267,-0.025477833,73.91825997100001
Z2,2001,FEMALE,Extremely/quite a bit stressful,26.709100000000003,5.711,1.0,1.5303,0.12297995020000001,26.520868863
Z2,2001,FEMALE,Not at all/not very/a bit stressful,73.29090000000001,2.2435,1.0,1.5303,-0.12297995,73.47913113700001
Z2,2001,MALE,Extremely/quite a bit stressful,25.5146,6.4255,1.0,1.6415000000000002,-0.078533075,25.643537945000002
Z2,2001,MALE,Not at all/not very/a bit stressful,74.48540000000001,2.3301000000000003,1.0,1.6415000000000002,0.0785330747,74.356462055
Z2,2003,BOTH,Extremely/quite a bit stressful,22.8427,5.3668000000000005,1.0,1.2222000000000002,-0.41306389200000004,23.347532728
Z2,2003,BOTH,Not at all/not very/a bit stressful,77.1573,1.6976,1.0,1.2222000000000002,0.41306389250000003,76.65246727200001
Z2,2003,FEMALE,Extremely/quite a bit stressful,25.255100000000002,6.6695,1.0,1.6736,0.5053031308,24.409467362
Z2,2003,FEMALE,Not at all/not very/a bit stressful,74.7449,2.3607000000000005,1.0,1.6736,-0.505303131,75.590532638
Z2,2003,MALE,Extremely/quite a bit stressful,20.498900000000003,8.4941,1.0,1.7464000000000002,-1.028808766,22.295685922000004
Z2,2003,MALE,Not at all/not very/a bit stressful,79.5011,2.3704,1.0,1.7464000000000002,1.0288087664,77.704314078
Z2,2005,BOTH,Extremely/quite a bit stressful,24.4871,5.1919,1.0,1.2790000000000001,1.6782825316,22.340503477000002
Z2,2005,BOTH,Not at all/not very/a bit stressful,75.5129,1.7691000000000001,1.0,1.2790000000000001,-1.678282532,77.65949652300002
Z2,2005,FEMALE,Extremely/quite a bit stressful,24.254700000000003,6.9501,1.0,1.6819000000000002,1.4944614900000002,21.741172553000002
Z2,2005,FEMALE,Not at all/not very/a bit stressful,75.7453,2.2839,1.0,1.6819000000000002,-1.4944614900000002,78.258827447
Z2,2005,MALE,Extremely/quite a bit stressful,24.7173,7.349100000000001,1.0,1.8433,0.9657264357,22.937111667000003
Z2,2005,MALE,Not at all/not very/a bit stressful,75.2827,2.6665,1.0,1.8433,-0.965726436,77.062888333
Z2,2007,BOTH,Extremely/quite a bit stressful,22.1168,6.9838000000000005,1.0,1.507,-0.23304364600000002,22.468017665
Z2,2007,BOTH,Not at all/not very/a bit stressful,77.88320000000002,2.0324,1.0,1.507,0.23304364640000003,77.531982335
Z2,2007,FEMALE,Extremely/quite a bit stressful,23.1204,10.443100000000001,1.0,2.3874000000000004,-0.10540326500000001,23.372070627
Z2,2007,FEMALE,Not at all/not very/a bit stressful,76.87960000000001,3.3429,1.0,2.3874000000000004,0.10540326480000001,76.62792937300001
Z2,2007,MALE,Extremely/quite a bit stressful,21.1185,10.5847,1.0,2.2007000000000003,-0.20805214200000002,21.576313517
Z2,2007,MALE,Not at all/not very/a bit stressful,78.88150000000002,2.9084000000000003,1.0,2.2007000000000003,0.20805214160000002,78.42368648300001
Z2,2008,BOTH,Extremely/quite a bit stressful,23.177000000000003,8.1167,1.0,1.8752,0.5405442292,22.163359798000002
Z2,2008,BOTH,Not at all/not very/a bit stressful,76.82300000000001,2.4606000000000003,1.0,1.8752,-0.540544229,77.83664020200001
Z2,2008,FEMALE,Extremely/quite a bit stressful,27.237800000000004,11.0819,1.0,3.0429,1.1269841814000001,23.808422941
Z2,2008,FEMALE,Not at all/not very/a bit stressful,72.7622,4.3317,1.0,3.0429,-1.126984181,76.19157705900001
Z2,2008,MALE,Extremely/quite a bit stressful,19.3026,11.0847,1.0,2.1294,-0.594274403,20.568069386
Z2,2008,MALE,Not at all/not very/a bit stressful,80.6974,2.7176,1.0,2.1294,0.5942744034,79.43193061400001
Z2,2009,BOTH,Extremely/quite a bit stressful,21.3458,9.0008,1.0,1.9204,-1.064884848,23.390891169
Z2,2009,BOTH,Not at all/not very/a bit stressful,78.6542,2.4864,1.0,1.9204,1.0648848484,76.60910883100001
Z2,2009,FEMALE,Extremely/quite a bit stressful,21.697100000000002,11.0482,1.0,2.3695000000000004,-1.047870208,24.180033806
Z2,2009,FEMALE,Not at all/not very/a bit stressful,78.30290000000001,3.0258,1.0,2.3695000000000004,1.0478702077,75.819966194
Z2,2009,MALE,Extremely/quite a bit stressful,21.0082,13.9239,1.0,2.9376,-0.552432746,22.631003755000002
Z2,2009,MALE,Not at all/not very/a bit stressful,78.99180000000001,3.8541000000000003,1.0,2.9376,0.552432746,77.368996245
Z2,2010,BOTH,Extremely/quite a bit stressful,20.934800000000003,9.2527,1.0,1.9316000000000002,-0.866654259,22.608847298
Z2,2010,BOTH,Not at all/not very/a bit stressful,79.0652,2.4678000000000004,1.0,1.9316000000000002,0.8666542588,77.39115270200001
Z2,2010,FEMALE,Extremely/quite a bit stressful,23.5262,11.700700000000001,1.0,2.7434000000000003,0.1252291529,23.182609348
Z2,2010,FEMALE,Not at all/not very/a bit stressful,76.47380000000001,3.6509,1.0,2.7434000000000003,-0.125229153,76.81739065200001
Z2,2010,MALE,Extremely/quite a bit stressful,18.4295,12.686800000000002,1.0,2.3359,-1.55326163,22.057841147
Z2,2010,MALE,Not at all/not very/a bit stressful,81.5705,2.9550000000000005,1.0,2.3359,1.5532616302,77.94215885300001
Z2,2011,BOTH,Extremely/quite a bit stressful,25.723200000000002,8.5571,1.0,2.208,0.564461317,24.476881622
Z2,2011,BOTH,Not at all/not very/a bit stressful,74.27680000000001,3.0708,1.0,2.208,-0.564461317,75.523118378
Z2,2011,FEMALE,Extremely/quite a bit stressful,28.851200000000002,11.199200000000001,1.0,3.2403000000000004,0.9814157423000001,25.671102996000002
Z2,2011,FEMALE,Not at all/not very/a bit stressful,71.14880000000001,4.6972000000000005,1.0,3.2403000000000004,-0.981415742,74.328897004
Z2,2011,MALE,Extremely/quite a bit stressful,22.684900000000003,11.933300000000001,1.0,2.6908000000000003,-0.235780124,23.319335074
Z2,2011,MALE,Not at all/not very/a bit stressful,77.31510000000002,3.5564,1.0,2.6908000000000003,0.23578012410000002,76.680664926
Z2,2012,BOTH,Extremely/quite a bit stressful,22.459400000000002,9.3542,1.0,2.0952,-0.6432042090000001,23.807014704
Z2,2012,BOTH,Not at all/not very/a bit stressful,77.5406,2.7223,1.0,2.0952,0.6432042086,76.192985296
Z2,2012,FEMALE,Extremely/quite a bit stressful,23.761000000000003,11.3284,1.0,2.7204,-0.8894906100000001,26.180773062
Z2,2012,FEMALE,Not at all/not very/a bit stressful,76.239,3.7708000000000004,1.0,2.7204,0.8894906101000001,73.819226938
Z2,2012,MALE,Extremely/quite a bit stressful,21.2067,14.8876,1.0,3.1556,-0.10618511300000001,21.541771451
Z2,2012,MALE,Not at all/not very/a bit stressful,78.7933,4.0791,1.0,3.1556,0.1061851134,78.45822854900001
Z2,2013,BOTH,Extremely/quite a bit stressful,21.4537,9.9106,1.0,2.1310000000000002,0.0161167832,21.419386529
Z2,2013,BOTH,Not at all/not very/a bit stressful,78.5463,2.7676000000000003,1.0,2.1310000000000002,-0.016116783,78.580613471
Z2,2013,FEMALE,Extremely/quite a bit stressful,23.9632,13.445400000000001,1.0,3.208,0.0174396536,23.907216679
Z2,2013,FEMALE,Not at all/not very/a bit stressful,76.0368,4.2218,1.0,3.208,-0.017439654,76.092783321
Z2,2013,MALE,Extremely/quite a bit stressful,19.0078,14.829500000000001,1.0,2.8228000000000004,-0.006816807,19.027069685
Z2,2013,MALE,Not at all/not very/a bit stressful,80.99220000000001,3.5974,1.0,2.8228000000000004,0.0068168072,80.972930315
Z2,2014,BOTH,Extremely/quite a bit stressful,22.7632,8.299900000000001,1.0,1.8635000000000002,0.1563842685,22.471765423
Z2,2014,BOTH,Not at all/not very/a bit stressful,77.2368,2.3975000000000004,1.0,1.8635000000000002,-0.15638426900000002,77.528234577
Z2,2014,FEMALE,Extremely/quite a bit stressful,23.4175,10.192700000000002,1.0,2.4059000000000004,0.7317095148,21.657060993
Z2,2014,FEMALE,Not at all/not very/a bit stressful,76.5825,3.3297000000000003,1.0,2.4059000000000004,-0.731709515,78.34293900700001
Z2,2014,MALE,Extremely/quite a bit stressful,22.1217,11.634100000000002,1.0,2.5421,-0.45481285000000005,23.277920428
Z2,2014,MALE,Not at all/not very/a bit stressful,77.87830000000001,3.4734000000000003,1.0,2.5421,0.4548128502,76.722079572
Z3,2001,BOTH,Extremely/quite a bit stressful,24.4842,4.644,1.0,1.1311,-1.412309695,26.081740029
Z3,2001,BOTH,Not at all/not very/a bit stressful,75.5158,2.3835,1.0,1.1311,1.4123096945000002,73.91825997100001
Z3,2001,FEMALE,Extremely/quite a bit stressful,24.6282,6.5772,1.0,1.6243,-1.1651948360000002,26.520868863
Z3,2001,FEMALE,Not at all/not very/a bit stressful,75.3718,3.0428,1.0,1.6243,1.1651948362,73.47913113700001
Z3,2001,MALE,Extremely/quite a bit stressful,24.3419,6.556,1.0,1.5882,-0.819543039,25.643537945000002
Z3,2001,MALE,Not at all/not very/a bit stressful,75.6581,2.8777000000000004,1.0,1.5882,0.8195430388,74.356462055
Z3,2003,BOTH,Extremely/quite a bit stressful,22.959400000000002,5.355500000000001,1.0,1.1563,-0.33568200100000006,23.347532728
Z3,2003,BOTH,Not at all/not very/a bit stressful,77.0406,2.0269,1.0,1.1563,0.3356820012,76.65246727200001
Z3,2003,FEMALE,Extremely/quite a bit stressful,23.5213,7.3146,1.0,1.6929,-0.524683572,24.409467362
Z3,2003,FEMALE,Not at all/not very/a bit stressful,76.4787,2.6812,1.0,1.6929,0.5246835718,75.590532638
Z3,2003,MALE,Extremely/quite a bit stressful,22.392400000000002,8.631,1.0,1.8645,0.0518514459,22.295685922000004
Z3,2003,MALE,Not at all/not very/a bit stressful,77.6076,2.9182000000000006,1.0,1.8645,-0.051851446,77.704314078
Z3,2005,BOTH,Extremely/quite a bit stressful,20.8928,6.2582,1.0,1.3105,-1.1046581610000001,22.340503477000002
Z3,2005,BOTH,Not at all/not very/a bit stressful,79.1072,1.8172000000000001,1.0,1.3105,1.1046581612000002,77.65949652300002
Z3,2005,FEMALE,Extremely/quite a bit stressful,18.989300000000004,9.7133,1.0,1.844,-1.4923350690000001,21.741172553000002
Z3,2005,FEMALE,Not at all/not very/a bit stressful,81.0107,2.5114,1.0,1.844,1.4923350691000001,78.258827447
Z3,2005,MALE,Extremely/quite a bit stressful,22.794600000000003,9.1469,1.0,2.0837,-0.068412559,22.937111667000003
Z3,2005,MALE,Not at all/not very/a bit stressful,77.2054,2.8598000000000003,1.0,2.0837,0.0684125591,77.062888333
Z3,2007,BOTH,Extremely/quite a bit stressful,22.5844,7.8782000000000005,1.0,1.6525,0.0704402173,22.468017665
Z3,2007,BOTH,Not at all/not very/a bit stressful,77.41560000000001,3.5368,1.0,1.6525,-0.070440217,77.531982335
Z3,2007,FEMALE,Extremely/quite a bit stressful,22.1884,10.653200000000002,1.0,2.0889,-0.5666518190000001,23.372070627
Z3,2007,FEMALE,Not at all/not very/a bit stressful,77.81160000000001,4.643000000000001,1.0,2.0889,0.5666518191,76.62792937300001
Z3,2007,MALE,Extremely/quite a bit stressful,22.9631,10.646400000000002,1.0,2.4594000000000005,0.5638803869,21.576313517
Z3,2007,MALE,Not at all/not very/a bit stressful,77.0369,4.1085,1.0,2.4594000000000005,-0.563880387,78.42368648300001
Z3,2008,BOTH,Extremely/quite a bit stressful,20.642300000000002,8.241900000000001,1.0,1.6906,-0.899753922,22.163359798000002
Z3,2008,BOTH,Not at all/not very/a bit stressful,79.35770000000001,2.39,1.0,1.6906,0.899753922,77.83664020200001
Z3,2008,FEMALE,Extremely/quite a bit stressful,18.952700000000004,11.321900000000001,1.0,2.1429,-2.265918842,23.808422941
Z3,2008,FEMALE,Not at all/not very/a bit stressful,81.0473,2.8766000000000003,1.0,2.1429,2.2659188424,76.19157705900001
Z3,2008,MALE,Extremely/quite a bit stressful,22.320600000000002,12.2124,1.0,2.6746,0.6552305972000001,20.568069386
Z3,2008,MALE,Not at all/not very/a bit stressful,77.67940000000002,3.7615000000000003,1.0,2.6746,-0.6552305970000001,79.43193061400001
Z3,2009,BOTH,Extremely/quite a bit stressful,28.232400000000002,9.984,1.0,2.8048,1.7261672200000002,23.390891169
Z3,2009,BOTH,Not at all/not very/a bit stressful,71.7676,4.1207,1.0,2.8048,-1.7261672200000002,76.60910883100001
Z3,2009,FEMALE,Extremely/quite a bit stressful,26.7724,12.2192,1.0,3.2708000000000004,0.7925520778,24.180033806
Z3,2009,FEMALE,Not at all/not very/a bit stressful,73.22760000000001,4.855900000000001,1.0,3.2708000000000004,-0.792552078,75.819966194
Z3,2009,MALE,Extremely/quite a bit stressful,29.6411,13.138300000000001,1.0,3.8811000000000004,1.8061991397000001,22.631003755000002
Z3,2009,MALE,Not at all/not very/a bit stressful,70.35889999999999,5.950900000000001,1.0,3.8811000000000004,-1.8061991400000001,77.368996245
Z3,2010,BOTH,Extremely/quite a bit stressful,20.5114,9.669200000000002,1.0,1.9747000000000001,-1.062188989,22.608847298
Z3,2010,BOTH,Not at all/not very/a bit stressful,79.4886,2.58,1.0,1.9747000000000001,1.0621889888,77.39115270200001
Z3,2010,FEMALE,Extremely/quite a bit stressful,19.8321,12.5688,1.0,2.4692000000000003,-1.356908099,23.182609348
Z3,2010,FEMALE,Not at all/not very/a bit stressful,80.1679,3.1996,1.0,2.4692000000000003,1.356908099,76.81739065200001
Z3,2010,MALE,Extremely/quite a bit stressful,21.163400000000003,14.9069,1.0,3.1424000000000003,-0.284632271,22.057841147
Z3,2010,MALE,Not at all/not very/a bit stressful,78.83660000000002,4.138300000000001,1.0,3.1424000000000003,0.28463227150000003,77.94215885300001
Z3,2011,BOTH,Extremely/quite a bit stressful,25.241200000000003,10.3664,1.0,2.6223,0.2914763599,24.476881622
Z3,2011,BOTH,Not at all/not very/a bit stressful,74.75880000000001,3.6741,1.0,2.6223,-0.29147636,75.523118378
Z3,2011,FEMALE,Extremely/quite a bit stressful,20.5371,15.866200000000001,1.0,3.2877,-1.561586638,25.671102996000002
Z3,2011,FEMALE,Not at all/not very/a bit stressful,79.4629,4.4834000000000005,1.0,3.2877,1.5615866384,74.328897004
Z3,2011,MALE,Extremely/quite a bit stressful,29.750200000000003,13.5867,1.0,4.0232,1.5984332062,23.319335074
Z3,2011,MALE,Not at all/not very/a bit stressful,70.24980000000001,5.839900000000001,1.0,4.0232,-1.598433206,76.680664926
Z3,2012,BOTH,Extremely/quite a bit stressful,24.1656,10.723,1.0,2.5799,0.1389940553,23.807014704
Z3,2012,BOTH,Not at all/not very/a bit stressful,75.8344,3.4428000000000005,1.0,2.5799,-0.138994055,76.192985296
Z3,2012,FEMALE,Extremely/quite a bit stressful,25.746800000000004,14.0077,1.0,3.6232,-0.119786918,26.180773062
Z3,2012,FEMALE,Not at all/not very/a bit stressful,74.2532,4.9885,1.0,3.6232,0.1197869178,73.819226938
Z3,2012,MALE,Extremely/quite a bit stressful,22.6596,19.978,2.0,4.5316,0.24668222560000003,21.541771451
Z3,2012,MALE,Not at all/not very/a bit stressful,77.34040000000002,6.0231,1.0,4.5316,-0.246682226,78.45822854900001
Z3,2013,BOTH,Extremely/quite a bit stressful,21.710300000000004,9.1478,1.0,1.9825000000000002,0.1467557484,21.419386529
Z3,2013,BOTH,Not at all/not very/a bit stressful,78.2897,2.8947000000000003,1.0,1.9825000000000002,-0.14675574800000002,78.580613471
Z3,2013,FEMALE,Extremely/quite a bit stressful,20.805400000000002,12.0839,1.0,2.5097,-1.2359318680000002,23.907216679
Z3,2013,FEMALE,Not at all/not very/a bit stressful,79.19460000000001,3.5327,1.0,2.5097,1.2359318682000002,76.092783321
Z3,2013,MALE,Extremely/quite a bit stressful,22.5609,13.8238,1.0,3.1281,1.1297125188000001,19.027069685
Z3,2013,MALE,Not at all/not very/a bit stressful,77.43910000000001,4.6261,1.0,3.1281,-1.1297125190000001,80.972930315
Z3,2014,BOTH,Extremely/quite a bit stressful,20.702800000000003,12.2688,1.0,2.5671,-0.6891164660000001,22.471765423
Z3,2014,BOTH,Not at all/not very/a bit stressful,79.2972,4.0922,1.0,2.5671,0.6891164656000001,77.528234577
Z3,2014,FEMALE,Extremely/quite a bit stressful,18.320600000000002,13.904,1.0,2.5368,-1.315224628,21.657060993
Z3,2014,FEMALE,Not at all/not very/a bit stressful,81.67940000000002,4.0597,1.0,2.5368,1.3152246277000001,78.34293900700001
Z3,2014,MALE,Extremely/quite a bit stressful,23.1019,15.979700000000001,1.0,3.7903000000000002,-0.04643658,23.277920428
Z3,2014,MALE,Not at all/not very/a bit stressful,76.89810000000001,5.885700000000001,1.0,3.7903000000000002,0.0464365795,76.722079572
Z4,2001,BOTH,Extremely/quite a bit stressful,27.0116,4.3452,1.0,1.1736,0.7923246073000001,26.081740029
Z4,2001,BOTH,Not at all/not very/a bit stressful,72.9884,1.9913,1.0,1.1736,-0.7923246070000001,73.91825997100001
Z4,2001,FEMALE,Extremely/quite a bit stressful,28.0538,5.626200000000001,1.0,1.5537,0.9866371909,26.520868863
Z4,2001,FEMALE,Not at all/not very/a bit stressful,71.9462,2.4487000000000005,1.0,1.5537,-0.986637191,73.47913113700001
Z4,2001,MALE,Extremely/quite a bit stressful,25.936500000000002,6.419300000000001,1.0,1.6791,0.17445307300000001,25.643537945000002
Z4,2001,MALE,Not at all/not very/a bit stressful,74.0635,2.6707,1.0,1.6791,-0.17445307300000001,74.356462055
Z4,2003,BOTH,Extremely/quite a bit stressful,24.0165,4.9897,1.0,1.1799000000000002,0.5669960727,23.347532728
Z4,2003,BOTH,Not at all/not very/a bit stressful,75.9835,1.6162,1.0,1.1799000000000002,-0.566996073,76.65246727200001
Z4,2003,FEMALE,Extremely/quite a bit stressful,24.472500000000004,8.0835,1.0,1.9549,0.0322540162,24.409467362
Z4,2003,FEMALE,Not at all/not very/a bit stressful,75.5275,2.6682,1.0,1.9549,-0.032254016,75.590532638
Z4,2003,MALE,Extremely/quite a bit stressful,23.5498,6.6854000000000005,1.0,1.5816,0.7929415428000001,22.295685922000004
Z4,2003,MALE,Not at all/not very/a bit stressful,76.45020000000001,2.3039,1.0,1.5816,-0.7929415430000001,77.704314078
Z4,2005,BOTH,Extremely/quite a bit stressful,21.0433,6.2104,1.0,1.3034000000000001,-0.9952461730000001,22.340503477000002
Z4,2005,BOTH,Not at all/not very/a bit stressful,78.95670000000001,1.705,1.0,1.3034000000000001,0.9952461729000001,77.65949652300002
Z4,2005,FEMALE,Extremely/quite a bit stressful,21.214100000000002,7.6161,1.0,1.6009,-0.32926820600000006,21.741172553000002
Z4,2005,FEMALE,Not at all/not very/a bit stressful,78.7859,2.1178,1.0,1.6009,0.3292682062,78.258827447
Z4,2005,MALE,Extremely/quite a bit stressful,20.8678,9.5592,1.0,1.9941000000000002,-1.037717334,22.937111667000003
Z4,2005,MALE,Not at all/not very/a bit stressful,79.13220000000001,2.6173,1.0,1.9941000000000002,1.0377173337,77.062888333
Z4,2007,BOTH,Extremely/quite a bit stressful,21.802400000000002,8.1405,1.0,1.7715,-0.37570690900000003,22.468017665
Z4,2007,BOTH,Not at all/not very/a bit stressful,78.19760000000001,2.3675,1.0,1.7715,0.37570690850000005,77.531982335
Z4,2007,FEMALE,Extremely/quite a bit stressful,23.256500000000003,10.9093,1.0,2.5293,-0.045711846,23.372070627
Z4,2007,FEMALE,Not at all/not very/a bit stressful,76.7435,3.4173000000000004,1.0,2.5293,0.0457118457,76.62792937300001
Z4,2007,MALE,Extremely/quite a bit stressful,20.330000000000002,12.5187,1.0,2.5495,-0.48884884500000003,21.576313517
Z4,2007,MALE,Not at all/not very/a bit stressful,79.67,3.3557,1.0,2.5495,0.4888488455,78.42368648300001
Z4,2008,BOTH,Extremely/quite a bit stressful,23.155800000000003,7.6839,1.0,1.7758000000000003,0.5588622713,22.163359798000002
Z4,2008,BOTH,Not at all/not very/a bit stressful,76.84420000000001,2.3851000000000004,1.0,1.7758000000000003,-0.558862271,77.83664020200001
Z4,2008,FEMALE,Extremely/quite a bit stressful,23.9673,10.4253,1.0,2.4729000000000005,0.0642517045,23.808422941
Z4,2008,FEMALE,Not at all/not very/a bit stressful,76.0327,3.3034000000000003,1.0,2.4729000000000005,-0.064251704,76.19157705900001
Z4,2008,MALE,Extremely/quite a bit stressful,22.3523,12.024,1.0,2.6848,0.6645685468000001,20.568069386
Z4,2008,MALE,Not at all/not very/a bit stressful,77.64770000000001,3.575,1.0,2.6848,-0.6645685470000001,79.43193061400001
Z4,2009,BOTH,Extremely/quite a bit stressful,24.4811,8.8206,1.0,2.1735,0.5015836877,23.390891169
Z4,2009,BOTH,Not at all/not very/a bit stressful,75.5189,3.0011,1.0,2.1735,-0.501583688,76.60910883100001
Z4,2009,FEMALE,Extremely/quite a bit stressful,28.666800000000002,12.863100000000001,1.0,3.7011000000000003,1.2122634856,24.180033806
Z4,2009,FEMALE,Not at all/not very/a bit stressful,71.33319999999999,5.322500000000001,1.0,3.7011000000000003,-1.2122634860000001,75.819966194
Z4,2009,MALE,Extremely/quite a bit stressful,20.3468,12.670700000000002,1.0,2.5971,-0.8795148960000001,22.631003755000002
Z4,2009,MALE,Not at all/not very/a bit stressful,79.65320000000001,3.5057,1.0,2.5971,0.8795148957000001,77.368996245
Z4,2010,BOTH,Extremely/quite a bit stressful,26.796300000000002,8.270600000000002,1.0,2.2148000000000003,1.8906687477,22.608847298
Z4,2010,BOTH,Not at all/not very/a bit stressful,73.2037,3.0866,1.0,2.2148000000000003,-1.890668748,77.39115270200001
Z4,2010,FEMALE,Extremely/quite a bit stressful,25.16,10.636600000000001,1.0,2.6434,0.7480561364,23.182609348
Z4,2010,FEMALE,Not at all/not very/a bit stressful,74.84,3.5389,1.0,2.6434,-0.7480561360000001,76.81739065200001
Z4,2010,MALE,Extremely/quite a bit stressful,28.391000000000002,13.0104,1.0,3.682,1.7200567608000001,22.057841147
Z4,2010,MALE,Not at all/not very/a bit stressful,71.60900000000001,5.188300000000001,1.0,3.682,-1.7200567610000002,77.94215885300001
Z4,2011,BOTH,Extremely/quite a bit stressful,24.09,7.8619,1.0,1.9205,-0.20146181300000002,24.476881622
Z4,2011,BOTH,Not at all/not very/a bit stressful,75.91000000000001,2.7455000000000003,1.0,1.9205,0.2014618131,75.523118378
Z4,2011,FEMALE,Extremely/quite a bit stressful,25.9813,10.967500000000001,1.0,2.8881,0.1074198117,25.671102996000002
Z4,2011,FEMALE,Not at all/not very/a bit stressful,74.0187,4.1763,1.0,2.8881,-0.107419812,74.328897004
Z4,2011,MALE,Extremely/quite a bit stressful,22.217700000000004,12.422600000000001,1.0,2.7680000000000002,-0.3979871850000001,23.319335074
Z4,2011,MALE,Not at all/not very/a bit stressful,77.7823,3.8246,1.0,2.7680000000000002,0.3979871850000001,76.680664926
Z4,2012,BOTH,Extremely/quite a bit stressful,25.9978,8.321100000000001,1.0,2.1624,1.0131467919,23.807014704
Z4,2012,BOTH,Not at all/not very/a bit stressful,74.0022,3.0268,1.0,2.1624,-1.013146792,76.192985296
Z4,2012,FEMALE,Extremely/quite a bit stressful,31.3169,9.9651,1.0,3.1371,1.6372390007000002,26.180773062
Z4,2012,FEMALE,Not at all/not very/a bit stressful,68.68310000000001,4.7821,1.0,3.1371,-1.6372390010000002,73.819226938
Z4,2012,MALE,Extremely/quite a bit stressful,20.8789,14.660200000000001,1.0,3.0362,-0.218308674,21.541771451
Z4,2012,MALE,Not at all/not very/a bit stressful,79.12110000000001,3.9446000000000003,1.0,3.0362,0.21830867380000002,78.45822854900001
Z4,2013,BOTH,Extremely/quite a bit stressful,21.936300000000003,7.3039000000000005,1.0,1.5962,0.32384723610000005,21.419386529
Z4,2013,BOTH,Not at all/not very/a bit stressful,78.0637,2.1564,1.0,1.5962,-0.32384723600000004,78.580613471
Z4,2013,FEMALE,Extremely/quite a bit stressful,25.5092,10.184800000000001,1.0,2.5439,0.6297464807,23.907216679
Z4,2013,FEMALE,Not at all/not very/a bit stressful,74.49080000000001,3.4344000000000006,1.0,2.5439,-0.6297464810000001,76.092783321
Z4,2013,MALE,Extremely/quite a bit stressful,18.448300000000003,12.141200000000001,1.0,2.2605000000000004,-0.256036335,19.027069685
Z4,2013,MALE,Not at all/not very/a bit stressful,81.5517,3.0651,1.0,2.2605000000000004,0.2560363351,80.972930315
Z4,2014,BOTH,Extremely/quite a bit stressful,23.601000000000003,9.3176,1.0,2.1469,0.5260027427,22.471765423
Z4,2014,BOTH,Not at all/not very/a bit stressful,76.399,2.7555,1.0,2.1469,-0.526002743,77.528234577
Z4,2014,FEMALE,Extremely/quite a bit stressful,20.5198,13.271700000000001,1.0,2.6599,-0.42755288300000005,21.657060993
Z4,2014,FEMALE,Not at all/not very/a bit stressful,79.48020000000001,3.3062000000000005,1.0,2.6599,0.42755288340000003,78.34293900700001
Z4,2014,MALE,Extremely/quite a bit stressful,26.7358,13.116600000000002,1.0,3.4582,0.9999081921,23.277920428
Z4,2014,MALE,Not at all/not very/a bit stressful,73.2642,4.631100000000001,1.0,3.4582,-0.999908192,76.722079572
Z5,2001,BOTH,Extremely/quite a bit stressful,25.479100000000003,4.7757000000000005,1.0,0.9689,-0.622006786,26.081740029
Z5,2001,BOTH,Not at all/not very/a bit stressful,74.5209,3.1832000000000003,1.0,0.9689,0.6220067863000001,73.91825997100001
Z5,2001,FEMALE,Extremely/quite a bit stressful,24.934400000000004,6.4562,1.0,1.4195000000000002,-1.117645095,26.520868863
Z5,2001,FEMALE,Not at all/not very/a bit stressful,75.0656,3.8155,1.0,1.4195000000000002,1.1176450948,73.47913113700001
Z5,2001,MALE,Extremely/quite a bit stressful,25.9783,5.856400000000001,1.0,1.2891000000000001,0.2596482667,25.643537945000002
Z5,2001,MALE,Not at all/not very/a bit stressful,74.0217,3.438,1.0,1.2891000000000001,-0.259648267,74.356462055
Z5,2003,BOTH,Extremely/quite a bit stressful,25.0904,5.2314,1.0,1.3127,1.327625863,23.347532728
Z5,2003,BOTH,Not at all/not very/a bit stressful,74.90960000000001,2.3201,1.0,1.3127,-1.327625863,76.65246727200001
Z5,2003,FEMALE,Extremely/quite a bit stressful,24.781600000000005,6.888400000000001,1.0,1.7535000000000003,0.21224964670000002,24.409467362
Z5,2003,FEMALE,Not at all/not very/a bit stressful,75.2184,3.4273000000000002,1.0,1.7535000000000003,-0.212249647,75.590532638
Z5,2003,MALE,Extremely/quite a bit stressful,25.3839,7.197000000000001,1.0,1.7700000000000002,1.7447863229000002,22.295685922000004
Z5,2003,MALE,Not at all/not very/a bit stressful,74.6161,2.5119,1.0,1.7700000000000002,-1.7447863230000002,77.704314078
Z5,2005,BOTH,Extremely/quite a bit stressful,22.1704,5.672000000000001,1.0,1.2593,-0.135061693,22.340503477000002
Z5,2005,BOTH,Not at all/not very/a bit stressful,77.82960000000001,1.845,1.0,1.2593,0.1350616933,77.65949652300002
Z5,2005,FEMALE,Extremely/quite a bit stressful,20.5923,8.3122,1.0,1.6923000000000001,-0.678859654,21.741172553000002
Z5,2005,FEMALE,Not at all/not very/a bit stressful,79.4077,2.4113,1.0,1.6923000000000001,0.6788596539000001,78.258827447
Z5,2005,MALE,Extremely/quite a bit stressful,23.6174,7.652900000000001,1.0,1.8052000000000001,0.37682376180000005,22.937111667000003
Z5,2005,MALE,Not at all/not very/a bit stressful,76.3826,2.6154,1.0,1.8052000000000001,-0.37682376200000006,77.062888333
Z5,2007,BOTH,Extremely/quite a bit stressful,26.6015,6.832300000000001,1.0,1.7335000000000003,2.384423228,22.468017665
Z5,2007,BOTH,Not at all/not very/a bit stressful,73.3985,2.6749,1.0,1.7335000000000003,-2.384423228,77.531982335
Z5,2007,FEMALE,Extremely/quite a bit stressful,26.952,8.4406,1.0,2.2295000000000003,1.6057180517,23.372070627
Z5,2007,FEMALE,Not at all/not very/a bit stressful,73.048,3.5628,1.0,2.2295000000000003,-1.605718052,76.62792937300001
Z5,2007,MALE,Extremely/quite a bit stressful,26.2753,10.058,1.0,2.5391,1.8506089844,21.576313517
Z5,2007,MALE,Not at all/not very/a bit stressful,73.7247,3.6178,1.0,2.5391,-1.850608984,78.42368648300001
Z5,2008,BOTH,Extremely/quite a bit stressful,18.749499999999998,8.0594,1.0,1.5016,-2.2735476460000004,22.163359798000002
Z5,2008,BOTH,Not at all/not very/a bit stressful,81.2505,2.1125000000000003,1.0,1.5016,2.2735476460000004,77.83664020200001
Z5,2008,FEMALE,Extremely/quite a bit stressful,17.7789,11.5258,1.0,2.081,-2.897447746,23.808422941
Z5,2008,FEMALE,Not at all/not very/a bit stressful,82.2211,3.3087000000000004,1.0,2.081,2.8974477455,76.19157705900001
Z5,2008,MALE,Extremely/quite a bit stressful,19.6395,10.9316,1.0,2.1297,-0.436022006,20.568069386
Z5,2008,MALE,Not at all/not very/a bit stressful,80.36050000000002,2.8675,1.0,2.1297,0.43602200620000003,79.43193061400001
Z5,2009,BOTH,Extremely/quite a bit stressful,24.8442,7.7607,1.0,1.9562000000000002,0.7429620734000001,23.390891169
Z5,2009,BOTH,Not at all/not very/a bit stressful,75.15580000000001,2.8694,1.0,1.9562000000000002,-0.7429620730000001,76.60910883100001
Z5,2009,FEMALE,Extremely/quite a bit stressful,23.353,13.5128,1.0,3.1638,-0.261423576,24.180033806
Z5,2009,FEMALE,Not at all/not very/a bit stressful,76.647,4.3576,1.0,3.1638,0.2614235759,75.819966194
Z5,2009,MALE,Extremely/quite a bit stressful,26.1707,11.4711,1.0,3.0379,1.1651825466,22.631003755000002
Z5,2009,MALE,Not at all/not very/a bit stressful,73.8293,4.456300000000001,1.0,3.0379,-1.1651825470000001,77.368996245
Z5,2010,BOTH,Extremely/quite a bit stressful,20.7082,8.703600000000002,1.0,1.8087,-1.05079899,22.608847298
Z5,2010,BOTH,Not at all/not very/a bit stressful,79.29180000000001,2.5937,1.0,1.8087,1.0507989901,77.39115270200001
Z5,2010,FEMALE,Extremely/quite a bit stressful,22.5258,12.261000000000001,1.0,2.7879,-0.235586243,23.182609348
Z5,2010,FEMALE,Not at all/not very/a bit stressful,77.47420000000001,4.2177,1.0,2.7879,0.235586243,76.81739065200001
Z5,2010,MALE,Extremely/quite a bit stressful,19.0842,11.644400000000001,1.0,2.2136,-1.343393848,22.057841147
Z5,2010,MALE,Not at all/not very/a bit stressful,80.9158,2.9547000000000003,1.0,2.2136,1.3433938481,77.94215885300001
Z5,2011,BOTH,Extremely/quite a bit stressful,22.837,7.9108,1.0,1.8047,-0.908640117,24.476881622
Z5,2011,BOTH,Not at all/not very/a bit stressful,77.16300000000001,2.5447,1.0,1.8047,0.9086401168,75.523118378
Z5,2011,FEMALE,Extremely/quite a bit stressful,24.0567,11.0598,1.0,2.6412,-0.6112438470000001,25.671102996000002
Z5,2011,FEMALE,Not at all/not very/a bit stressful,75.94330000000001,3.7873,1.0,2.6412,0.6112438473000001,74.328897004
Z5,2011,MALE,Extremely/quite a bit stressful,21.741100000000003,11.0759,1.0,2.3919,-0.6598405490000001,23.319335074
Z5,2011,MALE,Not at all/not very/a bit stressful,78.2589,3.1447000000000003,1.0,2.3919,0.6598405489000001,76.680664926
Z5,2012,BOTH,Extremely/quite a bit stressful,21.9799,8.0186,1.0,1.7360000000000002,-1.052483378,23.807014704
Z5,2012,BOTH,Not at all/not very/a bit stressful,78.0201,2.4530000000000003,1.0,1.7360000000000002,1.0524833776,76.192985296
Z5,2012,FEMALE,Extremely/quite a bit stressful,20.791900000000002,13.8411,1.0,2.878,-1.87243373,26.180773062
Z5,2012,FEMALE,Not at all/not very/a bit stressful,79.2081,3.8865000000000003,1.0,2.878,1.8724337304,73.819226938
Z5,2012,MALE,Extremely/quite a bit stressful,23.0096,14.2018,1.0,3.2633,0.4497896172,21.541771451
Z5,2012,MALE,Not at all/not very/a bit stressful,76.99040000000001,4.6309000000000005,1.0,3.2633,-0.44978961700000003,78.45822854900001
Z5,2013,BOTH,Extremely/quite a bit stressful,20.5913,9.298000000000002,1.0,1.931,-0.428853686,21.419386529
Z5,2013,BOTH,Not at all/not very/a bit stressful,79.40870000000001,2.7049000000000003,1.0,1.931,0.42885368580000005,78.580613471
Z5,2013,FEMALE,Extremely/quite a bit stressful,23.8065,13.179700000000002,1.0,3.1317,-0.032174966,23.907216679
Z5,2013,FEMALE,Not at all/not very/a bit stressful,76.19350000000001,4.4005,1.0,3.1317,0.0321749659,76.092783321
Z5,2013,MALE,Extremely/quite a bit stressful,17.7534,13.335600000000001,1.0,2.4001000000000006,-0.530677223,19.027069685
Z5,2013,MALE,Not at all/not very/a bit stressful,82.2466,3.321,1.0,2.4001000000000006,0.5306772228,80.972930315
Z5,2014,BOTH,Extremely/quite a bit stressful,20.0649,12.110800000000001,1.0,2.4259000000000004,-0.992169828,22.471765423
Z5,2014,BOTH,Not at all/not very/a bit stressful,79.9351,3.27,1.0,2.4259000000000004,0.9921698281,77.528234577
Z5,2014,FEMALE,Extremely/quite a bit stressful,25.0704,16.3989,1.0,4.0966,0.8332034305,21.657060993
Z5,2014,FEMALE,Not at all/not very/a bit stressful,74.92960000000001,5.7199,1.0,4.0966,-0.833203431,78.34293900700001
Z5,2014,MALE,Extremely/quite a bit stressful,15.5612,15.626600000000002,1.0,2.4124000000000003,-3.198770397,23.277920428
Z5,2014,MALE,Not at all/not very/a bit stressful,84.4388,3.0546,1.0,2.4124000000000003,3.1987703966,76.722079572
